-- MySQL dump 10.13  Distrib 8.0.27, for macos11 (x86_64)
--
-- Host: 139.159.224.136    Database: ss100
-- ------------------------------------------------------
-- Server version	5.7.37-0ubuntu0.18.04.1

/*!40101 SET @OLD_CHARACTER_SET_CLIENT=@@CHARACTER_SET_CLIENT */;
/*!40101 SET @OLD_CHARACTER_SET_RESULTS=@@CHARACTER_SET_RESULTS */;
/*!40101 SET @OLD_COLLATION_CONNECTION=@@COLLATION_CONNECTION */;
/*!50503 SET NAMES utf8 */;
/*!40103 SET @OLD_TIME_ZONE=@@TIME_ZONE */;
/*!40103 SET TIME_ZONE='+00:00' */;
/*!40014 SET @OLD_UNIQUE_CHECKS=@@UNIQUE_CHECKS, UNIQUE_CHECKS=0 */;
/*!40014 SET @OLD_FOREIGN_KEY_CHECKS=@@FOREIGN_KEY_CHECKS, FOREIGN_KEY_CHECKS=0 */;
/*!40101 SET @OLD_SQL_MODE=@@SQL_MODE, SQL_MODE='NO_AUTO_VALUE_ON_ZERO' */;
/*!40111 SET @OLD_SQL_NOTES=@@SQL_NOTES, SQL_NOTES=0 */;

--
-- Table structure for table `t_article`
--

DROP TABLE IF EXISTS `t_article`;
/*!40101 SET @saved_cs_client     = @@character_set_client */;
/*!50503 SET character_set_client = utf8mb4 */;
CREATE TABLE `t_article` (
  `id` int(11) NOT NULL AUTO_INCREMENT,
  `title` varchar(255) NOT NULL,
  `cover` varchar(512) NOT NULL,
  `sketch` varchar(2048) NOT NULL COMMENT '简述',
  `content` text NOT NULL,
  `label_id` int(11) NOT NULL COMMENT '关联标签id',
  `status` int(11) NOT NULL,
  `description` varchar(2048) DEFAULT NULL COMMENT '备注',
  `create_time` datetime DEFAULT CURRENT_TIMESTAMP,
  `auth` varchar(45) DEFAULT NULL,
  `count` varchar(45) DEFAULT '0',
  PRIMARY KEY (`id`)
) ENGINE=InnoDB AUTO_INCREMENT=40 DEFAULT CHARSET=utf8;
/*!40101 SET character_set_client = @saved_cs_client */;

--
-- Dumping data for table `t_article`
--

LOCK TABLES `t_article` WRITE;
/*!40000 ALTER TABLE `t_article` DISABLE KEYS */;
INSERT INTO `t_article` VALUES (21,'未来十年，有哪些职业会消失？','/fileUpload/2022-02-25/zengkefan__12__1645794992741.jpeg','说起 AI （人工智能），我们最耳熟能详的应属谷歌「阿尔法狗」（AlphaGo）。2017 年5月，在中国乌镇围棋峰会上，「阿尔法狗」与排名世界第一的世界围棋冠军柯洁对战，并以3比0的总比分获胜，自此围棋界公认阿尔法围棋的棋力已经超过人类职业围棋顶尖水平。','[{\"type\":2,\"content\":\"或许，阿尔法狗这一类的人工智能距离我们普通人还比较远，但很多弱人工智能已经逐渐地渗透到我们日常工作和生活之中，比如苹果的Siri、微软的Cortana、小米的小爱同学这类人工智能助理，比如你接到的说着一口流利普通话的AI广告电话推销员，比如你在酒店走廊碰见的人工智能机器人等等。\n\n我们不得不承认，在未来，职场上的竞争对手很可能不再是人类，真正觊觎你工作的可能是「机器人」。\n\n与此同时，我们也收到不少年轻朋友的困惑，未来职业应该怎么选？哪些职业未来会被AI替代？哪些职业未来会走红？因此，在这2022年伊始，36氪联合知乎发起了关于「未来职业」的提问，邀请知乎上超百位不同领域的答主参与解答，希望可以给年轻朋友开阔眼界、带来帮助、产生共鸣，看完有所收获。\n\n1、未来十年，哪些职业最容易被AI 取代？\n@遠夏（知乎科学领域答主）\n不涉及创作力的工作，例如体力劳动，在下一个十年更容易被AI取代。事实上，美国亚马逊已经在依靠AI来开除员工了，并且通过AI和机器人来节约成本。\n\n@陈敏（知乎健康领域答主）\n最容易被AI取代的行业很明显，最开始肯定是简单可重复的体力劳动（正在进行），其次是稍微需要思考的脑力劳动（即将发生），最后是所有职业的底层都被AI取代。\n\n@凌楚眠（知乎健康领域答主）\n也不能说有创造力的工作就不会被AI取代，从某种程度来说，我们的人工智能技术都比人类大脑的算力更强一些，即使是在特定的复杂的工作场景下，也会慢慢与人类媲美。\n\n如三位答主所言，简单又无需创造力的工作的确更容易被取代，根据剑桥学者研究的365种职业在未来的「被淘汰概率」，电话推销员、打字员、会计是最容易被 AI 替代的三种职业。相对而言，营养师、医生、牙医则不太容易被AI替代。\"},{\"type\":1,\"content\":\"/fileUpload/2022-02-25/zengkefan__12__1645795072969.png\"},{\"type\":2,\"content\":\"但除了大家公认的「简单可重复的工作容易被AI取代」外，有创造力的工作真的就能“高枕无忧”吗？我们还邀请了一些“有创造力工作”的嘉宾，一起来听听他们有什么不同观点。\n\n@一个男人在流浪（知乎科学领域答主）\n以往的观念认为，只有那些重复性的工作才会被AI替代，但在我的行业里，其实已经出现了AI写稿的情况。在知乎上，有一位叫“四十二”的AI答主，TA的回答流畅到让你几乎看不出屏幕背后的是一个AI，甚至已经形成了自己独特的“文风”。\"}]',56,1,'demo','2022-03-22 00:57:51','36氪','41');
/*!40000 ALTER TABLE `t_article` ENABLE KEYS */;
UNLOCK TABLES;

--
-- Table structure for table `t_label`
--

DROP TABLE IF EXISTS `t_label`;
/*!40101 SET @saved_cs_client     = @@character_set_client */;
/*!50503 SET character_set_client = utf8mb4 */;
CREATE TABLE `t_label` (
  `id` int(11) NOT NULL AUTO_INCREMENT,
  `name` char(255) NOT NULL,
  `level` int(11) NOT NULL,
  `parent_id` int(11) DEFAULT NULL,
  `description` varchar(1500) DEFAULT NULL,
  `remark` varchar(1500) DEFAULT NULL,
  PRIMARY KEY (`id`)
) ENGINE=InnoDB AUTO_INCREMENT=109 DEFAULT CHARSET=utf8;
/*!40101 SET character_set_client = @saved_cs_client */;

--
-- Dumping data for table `t_label`
--

LOCK TABLES `t_label` WRITE;
/*!40000 ALTER TABLE `t_label` DISABLE KEYS */;
INSERT INTO `t_label` VALUES (4,'行业政策',1,0,'碳中和，节能减排术语，是指企业、团体或个人测算在一定时间内，直接或间接产生的温室气体排放总量，通过植树造林、节能减排等形式，抵消自身产生的二氧化碳排放，实现二氧化碳的“零排放”。','sssssssssss'),(19,'数字思维',1,0,'shuzizsiwei数字思维数字思维数字思维数字思维数字思维',''),(21,'资源盘点',1,0,'重点对于企业能力进行全面客观的分析，直面企业当前的问题。',''),(22,'数字技术',1,0,'数字技术（Digital Technology），是一项与电子计算机相伴相生的科学技术，它是指借助一定的设备将各种信息，包括：图、文、声、像等，转化为电子计算机能识别的二进制数字“0”和“1”后进行运算、加工、存储、传送、传播、还原的技术。',''),(23,'管理实践',1,0,'管理实践管理实践管理实践管理实践管理实践管理实践',''),(32,'新基建',2,4,'“新基建”:新型基础设施建设的简称,包括三大方面内容：一、 信息基础设施，以5G、物联网、工业互联网、卫星互联网为代表的通信网络基础设施，以人工智能、云计算、区块链等为代表的新技术基础设施，以数据中心、智能计算中心为代表的算力基础设施等。二、 融合基础设施，指深度应用互联网、大数据、人工智能等技术，支撑传统基础设施转型升级，形成融合基础设施，比如，智能交通基础设施、智慧能源基础设施等。三、创新基础设施，主要是指支撑科学研究、技术开发、产品研制的具有公益属性的基础设施，比如，重大科技基础设施、科教基础设施、产业技术创新基础设施等。',''),(33,'碳中和',2,4,'碳中和，节能减排术语，是指企业、团体或个人测算在一定时间内，直接或间接产生的温室气体排放总量，通过植树造林、节能减排等形式，抵消自身产生的二氧化碳排放，实现二氧化碳的“零排放”。',''),(34,'工业互联网',2,4,'工业互联网：新一代信息通信技术与工业经济深度融合的新型基础设施、应用模式和工业生态，通过对人、机、物、系统等的全面连接，构建起覆盖全产业链、全价值链的全新制造和服务体系，为工业乃至产业数字化、网络化、智能化发展提供了实现途径，是第四次工业革命的重要基石。',''),(35,'信创产业',2,4,'信创产业，即信息技术应用创新产业。过去中国IT底层标准、架构、产品、生态大多数都由国外IT商业公司来制定，由此存在诸多的底层技术、信息安全、数据保存方式被限制的风险。全球IT生态格局将由过去的“一极”向未来的“两级”演变，中国要逐步建立基于自己的IT底层架构和标准。基于自有IT底层架构和标准建立起来的IT产业生态便是信创产业的主要内涵。信创产业以信息技术产品生态体系为基础框架，当前传统的信息技术产业主要由4部分组成：基础设施(芯片、存储器、整机[服务器、PC]、固件等)、基础软件(操作系统、中间件、数据库)、应用软件、信息/网络安全。',''),(36,'数字经济',2,4,'数字经济：凡是直接或间接利用数据来引导资源发挥作用， 推动生产力发展的经济形态都可以纳入其范畴。在技术层面， 包括大数据、云计算、物联网、区块链、人工智能、5G通信等新兴技术。在应用层面，“新零售”、“新制造”等都是其典型代表。',''),(37,'数字城市',2,4,'数字城市：指城市信息化过程，表现为地球表面测绘与统计的信息化（数字调查与地图），政府管理与决策的信息化（数字政府），企业管理、决策与服务的信息化（数字企业），市民生活的信息化（数字城市生活），四个信息化进程即数字城市。以计算机技术、多媒体技术和大规模存储技术为基础，以宽带网络为纽带，运用遥感、全球定位系统、地理信息系统、工程测量技术、仿真-虚拟等技术，对城市进行多分辨率、多尺度、多时空和多种类的三维描述，即利用信息技术手段把城市的过去、现状和未来的全部内容在网络上进行数字化虚拟实现。',''),(38,'产品设计',2,21,'产品生命周期价值链中的环节，产品设计指企业一个产品的典型创造设计过程，包含产品定义，产品设计，产品验证。',''),(39,'生产流程',2,21,'产品生命周期价值链中的环节，又叫工艺流程或加工流程，是指在生产过程中，从原料投入到成品产出，通过一定的设备按顺序连续地进行加工的过程。也指产品从原材料到成品的制作过程中要素的组合。包括流程规划，流程再造，精益生产，制造工艺等。',''),(40,'产品优化',2,21,'产品生命周期价值链中的环节，指产品在生产后的一系列调优、维护、升级等工作，包括性能监控分析、产品维护服务、产品升级。',''),(41,'营销管理',2,21,'业务履约价值链中的环节，指企业通过销售或营销等多种方式实现订单获取，包括品牌管理，B2C销售，B2B销售，销售管理，销售技能，订单获取和订单管理。',''),(42,'供应链管理',2,21,'业务履约价值链中的环节，供应链指围绕企业核心，通过对信息流、物流、资金流的控制，从采购原材料开始，制成中间产品以及最终产品，最后由销售商网络把产品送到消费者手中的整个过程。供应链管理是指对真个供应链进行计划、协调、操作、控制、优化的过程，使得客户需要的产品在正确时间，正确数量、正确质量和正确状态下送到正确的地点，并使总成本最低。',''),(43,'生产计划管理',2,21,'业务履约价值链中的环节，一般指企业对生产活动的计划、组织和控制工作。狭义的生产计划管理是指以产品的基本生产过程为对象所进行的管理，包括生产过程组织、生产能力核定、生产计划与生产作业计划的制定执行以及生产调度工作。广义的生产计划管理则有了新的发展，指以企业的生产系统为对象，包括所有与产品的制造密切有关的各方面工作的管理，也就是从原材料设备、人力、资金等的输入开始，经过生产转换系统，直到产品输出为止的一系列管理工作。',''),(44,'生产制造',2,21,'业务履约价值链中的环节，生产制造是生产企业整合相关生产资源，按预定目标进行系统性的从前端概念设计到产品实现的物化过程。贯穿整个过程所涉及的要素有：一、产前准备阶段：市场信息分析，产品概念，设计图，结构图，手版制作，手版反馈，成本控制，模具，打样，签样；二、生产过程：备料，生产，时间，生产管理，质量标准，质检，包装配套，再生产，持续时间；\n三、配套支持。',''),(45,'生产状态监控分析',2,21,'业务履约价值链中的环节，指对生产过程中的机器设备的参数以及参数变化的及时识别，一旦出现异常能够提早干预，实现设备的预测性维护，避免发生故障。包含四点：一，需要实现数据采集，生产运作系统是基于数据驱动的过程。数据在先，实物在后，且数据与实物需要同步。二，数据的状态可视化，生产运作系统的数据是有逻辑的，是相依性的数据关系。这个数据关系一般是隐含的而非显性，需要通过一定的逻辑关系，以数据组、表格和图标的方式呈现，直观地透明化。三，数据的决策辅助，根据生产运作过程的相依性和排程，计算出投料的决策。四，执行的透明化，生产过程最终是需要执行的，而执行的正确性、准确性和即时性非常关键。',''),(46,'仓储管理',2,21,'业务履约价值链中的环节，仓储管理就是对仓库及仓库内的物资所进行的管理，是仓储机构为了充分利用所具有的仓储资源提供高效的仓储服务所进行的计划、组织、控制和协调过程。仓储管理包括仓储资源的获得、仓储商务管理、仓储流程管理、仓储作业管理、保管管理、安全管理多种管理工作及相关的操作。',''),(47,'运输交付管理',2,21,'业务履约价值链中的环节，是一套基于运输作业流程的管理系统，一般包括：智能调度、智能装车、路径优化、车辆管理、财务结算等功能模块，对物流过程中“人、财、车、货、单”等各个环节进行协同管理。',''),(48,'生产能力规划',2,21,'资产运营价值链中的环节，生产能力规划是提供一种方法来确定由资本密集型资源（设备、工具、设施和总体劳动力规模等）综合形成的总体生产能力的大小，从而为实现企业的长期竞争战略政策提供有力的支持。产能规划所确定的生产能力对企业的市场反应速度、成本结构、库存策略以及企业自身管理和员工制度都将产生重大影响。产能规划具有时间性和层次性。',''),(49,'工厂规划',2,21,'资产运营价值链中的环节，指为新建、扩建或改建工厂进行的规划、论证和编制成套设计文件。工厂规划是一项技术与经济相结合的综合性设计工作。广义的工厂设计还包括对建设项目的投资决策。通常包括设计前期工作、初步设计和施工图设计3个阶段。',''),(50,'产线设计',2,21,'资产运营价值链中的环节，设计相关生产线，能够以最少的投入，实现最大产出的生产方式，完成预定内容的一组设备与操作人员的整体。',''),(51,'工程调试',2,21,'资产运营价值链中的环节，针对已经完工的工程进行试运营调试，实现参与调整，以取得最大的效率。',''),(52,'设备维护',2,21,'资产运营价值链中的环节，包括设备检测分析，设备运维，设备升级等。',''),(53,'员工胜任力',2,21,'重点了解组织内员工的能力，包括员工技术评估，是自由的还是外包的，组织缺少哪些技能。',''),(54,'财务预算',2,21,'产品和服务采购资金是否充足，是否有助于业务发展。',''),(55,'知识储备',2,21,'知识管理指在组织中构建一个量化与质化的知识系统，让组织中的资讯与知识，透过获得、创造、分享、整合、记录、存取、更新、创新等过程，不断的回馈到知识系统内，形成永不间断的累积个人与组织的知识成为组织智慧的循环，在企业组织中成为管理与应用的智慧资本，有助于企业做出正确的决策，以适应市场的变迁。 一句话概括为：知识管理是对知识、知识创造过程和知识的应用进行规划和管理的活动。',''),(56,'人工智能',2,22,'人工智能指一系列可以执行感知、学习、准理和决策任务的计算机技术， 目的是让机器能像人一样解决问题。人工智能系统通过正确解释外部数据，从外部数据中学习，并获取解决任务的能力，从而实现特定的目标。',''),(57,'云计算',2,22,'云计算是指通过互联网交付的计算服务，包括服务器、存储、数据库、网络、软件、 分析等，以提供更快的创新、灵活的资源并实现规模经济。',''),(58,'知识图谱',2,22,'知识图谱是信息技术领域的一种基于图的数据结构，用来描述客观世界中的概念、实体（Entity）和关系（Relation）。知识图谱的数据结构由节点和边组成。每个节点表示语义符号，即概念和实体。每条边表示语义符号之间的语义关系。通俗来讲，知识图谱就是把所有不同种类的信患连接在—起而得到的一个关系网络，提供了从关系的角度去分析问题的能力。',''),(59,'大数据',2,22,'大数据是利用高级分析技术来处理大规模、结构复杂和高频的数据集以获得高价值信息的工程领域。大数据分析技术所处理的数据集包括结构化、半结构化和非结构化数据，数据规模从万亿字节(TB)到泽字节(ZB) 不等。',''),(60,'AR/VR',2,22,'Augmented Reality（增强现实，简称AR）技术：AR技术是计算机在现实影像上叠加相应的图像技术，利用虚拟世界套入现实世界并与之进行互动，达到“增强”现实的目的。\nVirtual Reality（虚拟现实，简称VR）技术：VR技术是在计算机上生成一个三维空间，并利用这个空间提供给使用者关于视觉、听觉、触觉等感官的虚拟，让使用者仿佛身临其境一般。',''),(61,'区块链',2,22,'区块链，是比特币的底层技术架构。 狭义上讲，区块链是一种按照时间顺序将数据区块以顺序相连的方式组成的链式数据结构，以及以密码学方式保证的不可篡改和不可伪造的分布式账本。广义上讲， 区块链是利用块链式数据结构来验证与存储数据，利用分布式节点共识算法来生成和更新数据，利用密码学方式来保证数据传输和访问安全，利用自动化脚本代码组成的智能合约来编程和操作数据的一种全新的分布式基础架构与分布式计算范式。',''),(62,'机器人',2,22,'机器人是一种自动化的机器，所不同的是这种机器具备一些与人或生物相似的智能能力，如感知能力、规划能力、动作能力和协同能力， 是一种具有高度灵活性的自动化机器。从应用环角度把机器人分为两类：工业机器人和特种机器人。所谓工业机器人就是面向工业领域的多关节机械手或多自由度机器人，如机械手。而特种机器人则是除工业机器人之外的、用于非制造业并服务于人类的各种先进机器人，包括服务机器人、水下机器人、微操作机器人、娱乐机器人、军用机器人、农业机器人、机器人化机器等。',''),(63,'数字孪生',2,22,'数字孪生是充分利用物理模型、传感器更新、运行历史等数据，集成多学科、多物理量、多尺度、多概率的仿真过程，在虚拟空间中完成映射，从而反映相对应的实体装备的全生命周期过程。数字孪生是一种超越现实的概念，可以被视为一个或多个重要的、彼此依赖的装备系统的数字映射系统。',''),(64,'物联网',2,22,'国际电信联盟（ITU）关于物联网的定义是，通过二维码识读设备、射频识别 (RFID)装置、红外感应器、全球定位系统和激光扫描器等信息传感设备按约定的协议，把任何物品与互联网相连接，进行信息交换和通信，以实现智能化识别、定位、跟踪、监控和管理的一种网络。',''),(65,'5G',2,22,'5G是第五代移动通信技术的简称，是4G网络的演进。5G的大带宽、低时延、大连接将为生活带来最直接改变，智能生活离我们越来越近。秒下电影、告别玩游戏卡顿、万人演唱会也能畅快刷票圈、智能家居、无人驾驶汽车、足不出户在家就医等。',''),(66,'移动互联网',2,22,'移动互联网是移动通信和互联网融合的产物，继承了移动随时随地随身和互联网分享、开放、互动的优势，是整合二者优势的“升级版本”，即运营商提供无线接入，互联网企业提供各种成熟的应用。移动互联网被称为下一代互联网web3.0。4G时代的开启以及移动终端设备的凸显必将为移动互联网的发展注入巨大的能量，通过智能移动终端，采用移动无线通信方式获取业务和服务的新兴业务，包含终端、软件和应用三个层面。终端层包括智能手机、平板电脑、电子书等。',''),(67,'边缘计算',2,22,'边缘计算，是指在靠近物或数据源头的一侧，采用网络、计算、存储、应用核心能力为一体的开放平台，就近提供最近端服务。其应用程序在边缘侧发起，产生更快的网络服务响应，满足行业在实时业务、应用智能、安全与隐私保护等方面的基本需求。',''),(68,'颠覆式创新',2,23,'颠覆式创新是指在传统创新、破坏式创新和微创新的基础之上，由量变导致质变，从逐渐改变到最终实现颠覆，通过创新，实现从原有的模式，完全蜕变为一种全新的模式和全新的价值链。颠覆式创新有两个颠覆思路。一是低端颠覆；另外一个是新市场颠覆，产生一个新的市场空间，这个市场空间以前并不存在，而这个市场空间的性能纬度不同于传统的性能纬度。企业常常以颠覆式创新的方式突破瓶颈或是获得新发展。而打破固有格局，具备颠覆创新能力的公司需具备三大核心要素，分别为强大的核心资源能力、创新的盈利模式以及高效的服务吸引力。',''),(69,'敏捷管理',2,23,'敏捷管理（Agile Management），敏捷企业的管理与传统管理的着力点是有所不同的，敏捷管理的支点是充分利用“机遇、人员和信息”的杠杆作用，其主要特点体现于管理职责，管理目标和管理手段的某些变化中。决定企业敏捷竞争力的驱动力在于尽量缩短“观念—现金”的时间，努力创造和充分利用顾客机遇，因此，其管理的着力点将从管理职能的发挥最优化转向顾客机遇利用的最优化。',''),(70,'DevOps',2,23,'文化、实践、开发和运维领域的工具的结合，提高了组织高速交付应用程序和服务的能力。',''),(71,'服务集成与管理',2,23,'Service Integratio and Management(SIAM) 服务集成与管理，定义一套用于管理、集成、治理和协调来自多个服务提供者的服务交付原则、实践和方法的管理方法。',''),(72,'精益创业',2,23,'组织可以用来进行创新，并用于提出颠覆性创新的—种久经考验的方法。',''),(73,'客户体验',2,23,'消费者与组织及其产品或服务之间的所有定性利定量互动。包括用 户体验(UX)和数字化体验(DX) 。',''),(74,'知识管理',2,23,'捕获、开发、共享和有效地使用组织知识的过程。',''),(75,'Cynefin框架',2,23,'Cynefin框架用于识别转型机会，识别5个决策环境或领域：明显、繁杂、复杂、混沌、无序。该框架描述了何种方法、技术最可能适用的变革类别或领域。',''),(76,'商业创新闭环',2,23,'一种为使用不同的工具和技术留出空间的方法，这些工具和技术最好与公司、产品或服务保持一致，但定义了可测量的阶段关卡和时间线，以确保快速和有效的结果；基于精益和敏捷思维的快速产品和服务创新的方法，需要承诺、条件和确认。',''),(77,'瀑布式开发',2,23,'瀑布模型式是最典型的预见性的方法，严格遵循预先计划的需求、分析、设计、编码、测试的步骤顺序进行。步骤成果作为衡量进度的方法，例如需求规格，设计文档，测试计划和代码审阅等等。瀑布式的主要的问题是它的严格分级导致的自由度降低，项目早期即作出承诺导致对后期需求的变化难以调整，代价高昂。瀑布式方法在需求不明并且在项目进行过程中可能变化的情况下基本是不可行的。论文统计他是造成70%软件开发失败的原因。',''),(78,'商业画布技术',2,23,'商业画布是指一种能够帮助创业者催生创意、降低猜测、确保他们找对了目标用户、合理解决问题的工具。商业画布不仅能够提供更多灵活多变的计划，而且更容易满足用户的需求。更重要的是，它可以将商业模式中的元素标准化，并强调元素间的相互作用。由 9 个方格组成，每一个方格都代表着成千上万种可能性和替代方案，你要做的就是找到最佳的那一个。客户细分 ——找出你的目标用户；价值定位——你所提供的产品或服务；用户获取渠道——分销路径及商铺；客户关系——你想同目标用户建立怎样的关系；收益流；核心资源——资金、人才；催生价值的核心活动——市场推广、软件编程；重要合伙人；\n成本架构',''),(79,'流程管理',2,23,'流程管理（process management），是一种以规范化的构造端到端的卓越业务流程为中心，以持续的提高组织业务绩效为目的的系统化方法。它应该是一个操作性的定位描述，指的是流程分析、流程定义与重定义、资源分配、时间安排、流程质量与效率测评、流程优化等。因为流程管理是为了客户需求而设计的，因而这种流程会随着内外环境的变化而需要被优化。',''),(80,'运营模式画布',2,23,'共六个部分，用于描述和设计企业已定义的策略与运营活动之间的联系。六个部分是：管理系统、组织、信息、价值链、供应商和定位。',''),(81,'价值主张画布',2,23,'商业模型画布的一种形式。设计新的或变更的产品或服务时， 了解产品和服务的价值主张至关重要。画布的目的是在开始设计产品和服务之前观察并了解客户及其需求。',''),(82,'客户旅程地图',2,23,'用于服务设计、设计思维、用户体验设计和接触点管理的工具。它通常会引出更详细的设计，例如服务蓝图。',''),(83,'利益相关者地图',2,23,'了解利益相关者之间的互动以及这些互动的重要性的工具。',''),(84,'利益相关者价值链',2,23,'用于了解供应商、组织及其客户之间的动态和关系。',''),(85,'协作一致性模型',2,23,'Nadler-Tushman model (Congruence model） Nadler-Tushman模型(—致性模型)，该模型研究整个组织如何协同工作。 组织被视为由四个要素（人员、工作、结构和文化）组成的社会系统，将投入转化为产出。四个要素之间的一 致性越高，绩效越好。',''),(86,'波特五力模型',2,23,'探索行业竞争结构和经济环境各个方面的威胁，包括买方和供应商的议价能力，新进入者的威胁，竞争对手以及替代产品的威胁。',''),(87,'价值流映射',2,23,'Valuestreammapping(VSM)，从消费者需求到实现消费者需求的价值产生的可视化展示。',''),(88,'数字化网格模型',2,23,'可视化显示组织如何实现其战略并通过产品和服务为客户提供价值。',''),(89,'用户体验要素',2,23,'移动互联网设计的五层模型，用于提高用户体验，用户体验要素有：战略层、范围层、结构层、框架层、表现层。而产品又被分为功能型产品和信息型产品。',''),(90,'数字化领导者',2,19,'拥有领导者所期望的数字核心技能，但强调包括授权技巧在内的协作风格， 愿意接受试验，并了解“快速试错”风险方法的人。',''),(91,'数据驱动',2,19,'一种问题求解方法。从初始的数据或观测值出发，运用启发式规则，寻找和建立内部特征之间的关系，从而发现一些定理或定律。通常也指基于大规模统计数据的自然语言处理方法。',''),(92,'一切皆服务（Xaas）',2,19,'一切皆服务（XaaS）是一个统称，代表 “X as a service”、“anything as a service”或“everything as a service” 。这一缩写指越来越多地通过互联网提供的服务，而不仅仅指本地或现场服务。云计算的本质就是XaaS。\nXaaS最常见的例子是软件即服务（SaaS，software as a service）、基础设施即服务（IaaS，infrastructure as a service）和平台即服务（PaaS，platform as a service）。这三个结合起来使用，有时被称为SPI模式（SaaS，PaaS，IaaS）。XaaS的其他例子还包括存储即服务（SaaS，storage as a service）、通信即服务（CaaS，communications as a service）、网络即服务（NaaS，network as a service）和监测即服务（MaaS，monitoring as a service）。',''),(93,'成长型思维',2,19,'成长型思维模式是斯坦福大学心理学教授卡罗尔·德韦克博士在她于2006年出版的专著《思维方式：新的成功心理学》提出的一个信念体系。描述的智力是可以通过坚持努力以及专心致志的学习进行成长的。具备成长型思维模式的个人认为，有难度的工作可以提升他们的智力和能力。具备成长型思维模式的个人倾向于选择能够帮助他们学习和培养新技能的目标(即便他们最开始可能失败)，在面对具有挑战性的任务时能够坚持更久并秉持乐观的态度。培养成长型思维模式是自我实现的一个重要元素。这种成长型思维模式与良好的心理特质相关。',''),(94,'无边界',2,19,'无边界是指一种在信息化时代发展起来的现代企业组织形式。随着边界的扩张，企业不再以传统的物质资源能力确定自己的边界，而是以核心能力来体现其价值和边界。企业能力边界的扩展，是通过将自身的核心能力打造成价值模块，并在市场上进行动态配置的方式来实现的。从总体上看，企业扩大自身的能力边界主要通过两种途径:一是将价值模块融入更大的网络，二是将价值模块融入更多的网络。无边界企业不断地将价值模块在不同的价值网络里进行配置，价值网络本身也就成了无数个价值模块的“独立联合体”。其中，从所有权角度来看，不同的价值网络成员对自身核心能力有着完全的所有权;从使用角度来看，这些核心能力是被放在一起，进行集中使用的，强调不同核心能力的互补效应。优势是1、有利于技术融合进行产品创新；2、有利于服务综合进行服务创新。',''),(95,'设计思维',2,19,'设计思维核心是需要产品或服务的人， 让其认识到产品或服务是如何相互作用和联系的。尽可能快速、经济、高效地设计、构建和交付最大价值，将“以人为本”的方法与具有“数字化优先”思维的技术熟练的协作团队相结合，可以改变方式和结果。',''),(96,'迭代思维',2,19,'汉语词典对“迭代”的解释为：更相代替；轮换。维基百科定义为:在RUP(统一软件过程)中，迭代被定义为，迭代包括产生产品发布(稳定、可执行的产品版本)的全部开发活动和使用该发布必需的所有其他外围元素。在百度百科的描述中，迭代法也称辗转法，是一种不断用变量的旧值递推新值的过程，相对应的是瀑布式或直接法(一次解法)，即一次性解决问题。在人类实践活动中，源自计算机软件领域的迭代思想已经由一种算法逐步升级发展为一种方法、理念和思维模式。随着知识服务在情报工作中的快速推进，知识服务产品开发与服务活动正在逐步步入规范化、工程化、工艺化的轨道。在知识服务产品化活动中引入迭代思维，可以有效提高产品质量、开发效率和服务效果，增强开发活动的针对性、规范性、科学性和创新性。',''),(97,'VUCA世界观',2,19,'用于更好地了解组织运作的环境（易变性、不确定性、复杂性和模糊性)的方法，有助于制定应对挑战的框架。',''),(98,'协作',2,19,'协作是指在目标实施过程中，部门与部门之间、个人与个人之间的协调与配合。协作应该是多方面的、广泛的，只要是一个部门或一个岗位实现承担的目标必须得到的外界支援和配合，都应该成为协作的内容。一般包括资源、技术、配合、信息方面的协作。不论是否存在社会分工，劳动者都必须通过协作把个人的力量联结成集体的力量，以实现生产活动的预期目的。劳动者彼此配合进行同一生产、作业、工程的协作，有简单协作和复杂协作两种基本方式。',''),(99,'自进化智能体',2,19,'具有自我进化智能升级的实体。以云为基础，以AI为核心，构建一个立体感知、全域协同、精准判断、持续进化、开放的智能系统。自进化智能体是数字化转型的终极形态。',''),(100,'场景思维',2,19,'场景原初意义是电影和戏剧中的场面、情景，是指在特定时间空间内发生的行动过程，或者因人物关系构成的具体画面。不同的场景搭建表达着不同的意义。而正是通过不同场景的衔接， 完整的故事情节才得以呈现。在互联网领域，场景这古老的概念被重新定义，并在商业运营中展现出了惊人的价值。互联网时代，快节奏的生活方式让人们总是处干碎片化的时空场景之中。基于游戏、社交、网购等互联网行为的应用场景，成为移动互联时代的常态。其中，那些能够触发用户沉浸式体验或者长时间停留的应用形态，如视频、游戏、微信社交等，可以被理解为入口场景； 而能够借助支付宝、微信支付等完成交易的网购形态，则可以被理解为支付场景。场景成为最真实的以人为中心的细节体验，一种连接方式，一种价值交换方式和新生活方式的表现形态，场景具备五种要素：时间，地点、人物、事件、连接方式。',''),(101,'流程思维',2,19,'企业(组织)运行以流程驱动为主，基于企业层面主要业务流程数据的获取、开发和利用，发挥数据作为信息媒介的作用，解决跨部门、跨业务环节的企业级信息透明问题，提升主要业务流程的集成融合水平和资源配置效率，建成支持主营业务集成融合的流程级能力，在企业(组织)关键业务均实现数字化的基础上，沿着纵向管控、价值链和产品生命周期等维度实现了主要业务环节的全面集成融合和柔性响应。',''),(102,'平台思维',2,19,'平台思维指企业构建商业模型时用平台化的方式去构建。企业只做核心部分，非核心的部分包出去，比如说销售、技术等的部分。平台化的好处：一、能够快速的扩大规模，减少投资，融入更多资源，快速把企业做大。二、聚焦企业的擅长领域，形成强大的护城河和核心竞争力。',''),(103,'流量思维',2,19,'流量变现是指将互联网流量通过某些手段实现现金收益。在互联网行业，有这样一个公式：用户=流量=金钱。要实现流量变现最重要的就是有足够的流量，网站流量指网站的访问量，是用来描述访问一个网站的用户数量以及用户所浏览的页面数量等指标，常用的统计指标包括网站的独立用户数量UV、总用户数量（含重复访问者）、页面浏览数量PV、每个用户的页面浏览数量、用户在网站的平均停留时间等。有了足够的流量还需要强大的变现能力，因此流量变现的关键在于流量和变现方法。流量的关键就在于推广方式和用户粘性。',''),(104,'AI思维',2,19,'AI思维是百度创始人李彦宏在“2017百度联盟峰会”上首次提出的概念。2018年11月1日，李彦宏说：“互联网思维已经过时了，智能交通的思维应该是AI思维。”AI新思维包括五个方面，是基于万物互联，重新审视人与物的关系，并对市场、用户、产品、企业战略等进行重构的思考方式。',''),(105,'生态思维',2,19,'企业(组织)运行以智能驱动为主，基于生态圈数据的智能获取、开发和利用，发挥数据作为信息媒介、信用媒介和创新媒介的作用， 解决生态圈信息透明问题，并基于数据实现价值智能化在线共创和共享， 发挥生态圈创新潜能，提升生态圈价值智能化创造能力和资源综合利用水平，形成了以数字业务为核心的新型业态，让数字业务成为企业(组织)主营业务的重要组成部分。',''),(106,'指数型组织',2,23,'指数型组织是指在运用了高速发展的技术的新型组织方法的帮助下，让影响力（或产出）相比同行发生不成比例的大幅增长的组织（至少10倍）。如：海尔、小米、滴滴、Airbnb、Uber等企业都是属于指数型组织。',''),(107,'企业文化',2,21,'企业文化是企业在长期经营发展过程中逐步形成的、具有本企业特色、能够长期推动企业发展壮大的群体意识和行为规范，以及与之相适应的规章制度和组织机构的总和。',''),(108,'社交网络',2,22,'SNS，专指社交网络服务，包括了社交软件和社交网站。也指社交现有已成熟普及的信息载体，如短信SMS服务。SNS的另一种常用解释:全称Social Networking Site，即\"社交网站\"或\"社交网\"。SNS也指Social Network Software，社交网络软件，是一个采用分布式技术，通俗地说是采用P2P(Peer to Peer)技术，构建的下一代基于个人的网络基础软件。社交网络服务是一个平台，建立人与人之间的社交网络或社交关系的连接。例如，利益共享、活动、背景或现实生活中的连接。一个社交网络服务，包括表示每个用户(通常是一个配置文件)的社交联系和各种附加服务。大多数社交网络服务是基于网络的在线社区服务，并提供用户在互联网互动的手段，如电子邮件和即时消息。有时被认为是一个社交网络服务，但在更广泛的意义上说，社交网络服务通常是指以个人为中心的服务，并以网上社区服务组为中心。社交网站允许用户在他们的网络共享他们的想法、图片、文章、活动、事件。','');
/*!40000 ALTER TABLE `t_label` ENABLE KEYS */;
UNLOCK TABLES;

--
-- Table structure for table `t_question`
--

DROP TABLE IF EXISTS `t_question`;
/*!40101 SET @saved_cs_client     = @@character_set_client */;
/*!50503 SET character_set_client = utf8mb4 */;
CREATE TABLE `t_question` (
  `id` int(11) NOT NULL AUTO_INCREMENT,
  `title` varchar(1024) NOT NULL DEFAULT '',
  `cover` varchar(255) NOT NULL,
  `options` varchar(2048) NOT NULL,
  `answer` varchar(50) NOT NULL COMMENT '简述',
  `origin` varchar(255) NOT NULL DEFAULT '',
  `label_id` int(11) NOT NULL COMMENT '关联标签id',
  `status` int(11) NOT NULL,
  `description` varchar(2048) DEFAULT NULL COMMENT '备注',
  `type` int(11) DEFAULT NULL COMMENT '1单选2多选3判断',
  `imageUrl` varchar(45) DEFAULT NULL,
  `time` datetime NOT NULL,
  PRIMARY KEY (`id`) USING BTREE
) ENGINE=InnoDB AUTO_INCREMENT=150 DEFAULT CHARSET=utf8 ROW_FORMAT=DYNAMIC;
/*!40101 SET character_set_client = @saved_cs_client */;

--
-- Dumping data for table `t_question`
--

LOCK TABLES `t_question` WRITE;
/*!40000 ALTER TABLE `t_question` DISABLE KEYS */;
INSERT INTO `t_question` VALUES (66,'数据不仅可以直接转化为现实生产力，也具备放大其它生产要素的潜力，实现企业投入结构优化、驱动数字化转型、实现全要素生产率提升。','','T||F','T','《数字化转型百问》：清华大学出版社',91,1,'用户了解并加深被测评人对于数据驱动思维的认知',3,'','2022-03-24 15:01:04'),(67,'数字化转型范围是从客户需求出发，到组织中的各个部门，最终满足客户消费。它是一个多部门而不是单部门的职责。','','T||F','T','《数字化转型与创新管理-VeriSM导论》：清华大学出版社',101,1,'数字化转型是企业整体的转型，而不是单个部门（比如IT）的转型',3,'','2022-03-24 15:01:05'),(68,'第四次工业革命的颠覆性影响就是数字化颠覆，两者本质上相同。','','T||F','T','《数字化转型与创新管理-VeriSM导论》：清华大学出版社',36,1,'企业和社会正在从第三次工业革命迈向第四次工业革命，数字技术将会成为新的产品和服务，新的运营方式和新的商业模式的核心',3,'','2022-03-24 15:01:05'),(69,'数字化转型主要是现有商业模式的渐进创新。','','T||F','F','《数字化转型与创新管理-VeriSM导论》：清华大学出版社',68,1,'数字化转型需要完全不同的商业策略，而不是现有商业模式的渐进创新',3,'','2022-03-24 15:01:05'),(70,'数字化典型特征是指数型增长，数字化转型的终极目标是建立指数型组织。','','T||F','T','《数字化转型与创新管理-VeriSM导论》：清华大学出版社',106,1,'采用指数型技术，相较于同类组织，这种组织的影响力呈现指数型增长（至少10倍的增长）',3,'','2022-03-24 15:01:05'),(71,'数字化转型需要两个核心思维：1、为客户服务是所有人的职责，是基本的组织能力；2、员工要认可技术对于产品和服务的影响。','','T||F','T','《数字化转型与创新管理-VeriSM导论》：清华大学出版社',73,1,'VeriSM方法中最重要思维：接受服务管理是每个人的职责，是基本的组织能力。组织中每个层级的每个员工都有责任参与。另—个成功的关键要素是认可技术对产品和服务的影响。数字化转型改变组织运营的各个方面，不管规模大小‘私营企业还是公共事业。所有员工都需要思考技术赋能服务，而不仅是从事IT项目的员工。业务项目和流程也需要被技术赋能。',3,'','2022-03-24 15:01:05'),(72,'你在星巴克APP上预定了一杯咖啡，当你驱车快到咖啡店的时候，咖啡已经做好。你获得方便快捷的服务，节省了时间。星巴克也可以获得了顾客数据来提升它们的服务。顾客数据包括消费高峰时段、个人营销和广告机会、高效供应链管理数据，足够但不过量的咖啡豆库存数据。分析该案例，你觉得这是技术改变企业那个领域的典型案例？','','产品||流程||财务||项目','B','《数字化转型与创新管理-VeriSM导论》：清华大学出版社',79,1,'通过技术改变用户使用产品和服务的方式，从线下购买流程变成线上线下一体化流程',1,'','2022-03-24 15:01:05'),(73,'组织能力是指组织完成一项目标和任务所体现出来的综合素质，下面哪一项不属于组织能力？','','人||部门||知识||流程','B','《数字化转型与创新管理-VeriSM导论》：清华大学出版社',90,1,'undefined',1,'','2022-03-24 15:01:05'),(74,'在淘宝APP上购买一件商品，可能涉及的阿里组织能力包括：','','客户服务||销售||物流||IT','ABCD','《数字化转型与创新管理-VeriSM导论》：清华大学出版社',87,1,'每种产品或服务，都会有许多不同的组织能力。购物网站可能涉及客户服务销售物流和IT等组织能力。',2,'','2022-03-24 15:01:05'),(75,'\n某企业需要大幅节约成本。第一步开始在财务部门裁员。结果其他部门无法获得财务的专业支持，无奈各部门只得聘用自己的私有财务人员来完成合同审核等相关工作。这引发了很多问题，原因是这些人员并没有财务系统的所有权限，他们看不到大局。 这些行为直接导致企业整体财务能力下滑的不良后果。然而为这些私有资源额外付出的成本，从组织的角度来看，并没有降低其预期的成本。以上案例说明该企业在内部管理上严重缺乏哪一种组织能力？','','协作||开发||销售||IT','A','《数字化转型与创新管理-VeriSM导论》：清华大学出版社',85,1,'缺乏相互协作，组织能力就会独自分散地工作，团队间也很少甚至没有交互，这往往会严重影响到取得成果的效率和效益。组织在没有获得明确批准或没有充分考虑服务交付的情况下，在组织内部实施的系统流程解决方案和决策。这是典型的企业影子行为。是由于缺少协作而导致的。',1,'','2022-03-24 15:01:05'),(76,'每个组织有其独一无二的文化。文化包含了组织的价值观、规范、系统、符号、语言、前提、信仰和习惯等等。下面哪些行为能体现出该企业的独有文化？','','\n组织如何升展业务活动||组织如何对待其员工、客户及更广泛的群体||决策的自主权、提出新的想法和个人意愿||权力和信息如何在组织内部层级间流动','ABCD','《数字化转型与创新管理-VeriSM导论》：清华大学出版社',107,1,'undefined',2,'','2022-03-24 15:01:05'),(77,'企业数字化转型需要企业具备哪些文化？','','“无责备”文化||创业式文化||敏捷文化||管控式文化','ABC','《数字化转型与创新管理-VeriSM导论》：清华大学出版社',107,1,'“无责备”指的是员工知道在工作当中如果他们用正确的方法做事时出了问题，他们不会受到责备。如果员工是为了团队和组织在做正确的事情，他们不该因为失败而被责备。\n拥抱变化是创业文化的核心。组织总是在寻求最佳工作方式，探索更多的选择，如果这是一件正确的事情，那就去做。创业组织也是一个学习型组织，如果哪里出现问题，他们会从中学 习，并继续前行。\n数字化转型是一个长期过程，在初期的快速迭代非常关键，这需要企业具备重要的敏捷能力。',2,'','2022-03-24 15:01:05'),(78,'政策是以实现组织目标为导向的为员工提供的指导思想。好的政策能为执行人员提供清晰的行动指引，政策主要解决战略方向中的那些问题？','','“谁来做”||“怎么做”||“为什么”||“是什么”','CD','《数字化转型与创新管理-VeriSM导论》：清华大学出版社',107,1,'政策是实现战略方向的—种手段，它是解决战略中有关“是什么”和“为什么”的问题， 而不是解决“如何去做”“谁来做”的问题。 “如何去做”“谁来做”取决于管理和组织的能力，并在各个流程和程序中进行定义。',2,'','2022-03-24 15:01:05'),(79,'战略规划的目的是指导组织的行动，确保最终目标落在一个确定的范围内，并实现组织领导层所规定的组织目标。战略规划包括：（）','','愿景( “我们想在5年后做到什么样?”) ||使命(“我们想要实现什么?”)||价值观(“不作恶”||战术计划（““到哪儿和如何去? ”）||运营计划（“做什么”）','ABC','《数字化转型与创新管理-VeriSM导论》：清华大学出版社',90,1,'战略规划一般由组织高层制定，并与治理机构进行协作。它从组织的使命开始，展望未来(3年、 5年甚至10年)并提出以下几个问题：\n1、我们需要做什么(或不做) ?\n2、它为什么如此重要?\n3、什么时候才能实现我们的战略目标?\n战略规划不包括战术计划。战术计划是针对各种组织能力的更具体的计划，它也用来指导组织内部员工如何去实现战略规划。运营计划讲的是“做什么” 。运营计划包括由一线经理执行的，有非常具体的确切结果的一系列活动。维持着组织的整体功能和活力。',2,'','2022-03-24 15:01:05'),(80,'数字化转型是指数字化技术应用到全组织各个层面带来的变革，包括从销售到市场、产品、服务乃至全新商业模式。','','T||F','T','《数字化转型与创新管理-VeriSM导论》：清华大学出版社',105,1,' 科技已经不再仅是组织内部IT部门的事情，其他团队和组织能力都在探究科技如何可以改变业务流程、产品和服务。使用科技可以帮助组织找到突破口，进入新市场，并以更快或更盈利的方式交付产品和服务。这些收益有时被称作数字化颠覆。科技可以从根本上改变组织的运营以及组织如何交付产品和服务。',3,'','2022-03-24 15:01:05'),(81,'数字化转型分为“数字化优化”和“数字化颠覆”两种，前者是组织使用创新技术和方法来增加现有的服务。后者被用来描述一个行业、一种做生意的方式或者一个生态系统受到掌握了数字化技能的同行的巨大挑战。挑战者的解决方案、商业模式和方法会导致客户行为和市场环境发生重大变化，逼迫要求现有的参与者相应地改变他们的策略。下面那个案例不属于数字化颠覆？','','网络购物推动购买习惯的改变(淘宝，亚马逊) ||社交点评来提高消费者对商家的影响力(美团，微信）||人工智能结合大数据提高社会治理效果(健康码) ||运用工业互联网提升产线生产效率（三一重工树根互联平台）','D','《数字化转型与创新管理-VeriSM导论》：清华大学出版社',75,1,'颠覆与消费者有关。它经常发生在顾客体验的“最后一公里” 。工业互联网提升生产效率属于数字化优化。',1,'','2022-03-24 15:01:05'),(82,' 创业公司通常会使用云计算，通过租用服务的方式取代旧的IT硬件设备，这样做的好处是：（）','','可以使用最新和最好的技术这些技术 ||“随用随付”模式为创业公司提供低成本的试验过程 ||以更短时间更低成本进入市场 ||专注于战略目标，而不是技术','ABCD','《数字化转型与创新管理-VeriSM导论》：清华大学出版社',57,1,'云计算可以给创业企业提供更快更新的服务',2,'','2022-03-24 15:01:05'),(83,'服务文化存在于这样的—种组织中，该组织内的员工、产品、服务和业务流程都是以最终客户为中心或者以技术为中心而发展起来的。','','T||F','F','《数字化转型与创新管理-VeriSM导论》：清华大学出版社',71,1,'服务文化只能以客户为中心发展起来，以技术为中心是无法发展服务文化的。',3,'','2022-03-24 15:01:05'),(84,'数字化转型要求在组织内部采用—种新型的服务管理方法。组织的服务管理属于哪个领域？','','服务管理属于业务领域||服务管理属于IT领域 ||服务管理外包给第三方供应商 ||服务管理属于整个组织','D','《数字化转型与创新管理-VeriSM导论》：清华大学出版社',71,1,'产品和服务需要多方业务能力单元的投入，通力合作以实现组织目标。服务管理被提升到企业层面。',1,'','2022-03-24 15:01:05'),(85,'创建服务文化最重要的元素是什么? ','','赋予员工独立决策的权利 ||衡量服务文化，以确定改进思路||通过行动而不是语言向消费者表明他们受到重视||培训员工和管理者良好的服务行为','C','《数字化转型与创新管理-VeriSM导论》：清华大学出版社',71,1,'通过行动而不是语言向消费者表明他们受到重视，这才是最重要的元素。',1,'','2022-03-24 15:01:05'),(86,'情商决定了两个主要能力:人际和社交。以下哪两项技能属于社交能力? ','','加入社交团体并积极交流||了解社交媒体以及会影响自身的人或事||社会意识和关系管理||社交内容管理和使用社交技巧','C','《数字化转型与创新管理-VeriSM导论》：清华大学出版社',108,1,'社交意识和关系管理是Ttavis Bradberry和Jean Greaves在他们的著作《情商2.0》中定义的两项技能。',1,'','2022-03-24 15:01:05'),(87,'数据不仅可以直接转化为现实生产力，也具备放大其它生产要素的潜力，实现企业投入结构优化、驱动数字化转型、实现全要素生产率提升。','','T||F','T','《数字化转型百问》：清华大学出版社',91,1,'用户了解并加深被测评人对于数据驱动思维的认知',3,'','2022-03-24 15:01:26'),(88,'数字化转型范围是从客户需求出发，到组织中的各个部门，最终满足客户消费。它是一个多部门而不是单部门的职责。','','T||F','T','《数字化转型与创新管理-VeriSM导论》：清华大学出版社',101,1,'数字化转型是企业整体的转型，而不是单个部门（比如IT）的转型',3,'','2022-03-24 15:01:26'),(89,'第四次工业革命的颠覆性影响就是数字化颠覆，两者本质上相同。','','T||F','T','《数字化转型与创新管理-VeriSM导论》：清华大学出版社',36,1,'企业和社会正在从第三次工业革命迈向第四次工业革命，数字技术将会成为新的产品和服务，新的运营方式和新的商业模式的核心',3,'','2022-03-24 15:01:26'),(90,'数字化转型主要是现有商业模式的渐进创新。','','T||F','F','《数字化转型与创新管理-VeriSM导论》：清华大学出版社',68,1,'数字化转型需要完全不同的商业策略，而不是现有商业模式的渐进创新',3,'','2022-03-24 15:01:26'),(91,'数字化典型特征是指数型增长，数字化转型的终极目标是建立指数型组织。','','T||F','T','《数字化转型与创新管理-VeriSM导论》：清华大学出版社',106,1,'采用指数型技术，相较于同类组织，这种组织的影响力呈现指数型增长（至少10倍的增长）',3,'','2022-03-24 15:01:26'),(92,'数字化转型需要两个核心思维：1、为客户服务是所有人的职责，是基本的组织能力；2、员工要认可技术对于产品和服务的影响。','','T||F','T','《数字化转型与创新管理-VeriSM导论》：清华大学出版社',73,1,'VeriSM方法中最重要思维：接受服务管理是每个人的职责，是基本的组织能力。组织中每个层级的每个员工都有责任参与。另—个成功的关键要素是认可技术对产品和服务的影响。数字化转型改变组织运营的各个方面，不管规模大小‘私营企业还是公共事业。所有员工都需要思考技术赋能服务，而不仅是从事IT项目的员工。业务项目和流程也需要被技术赋能。',3,'','2022-03-24 15:01:26'),(93,'你在星巴克APP上预定了一杯咖啡，当你驱车快到咖啡店的时候，咖啡已经做好。你获得方便快捷的服务，节省了时间。星巴克也可以获得了顾客数据来提升它们的服务。顾客数据包括消费高峰时段、个人营销和广告机会、高效供应链管理数据，足够但不过量的咖啡豆库存数据。分析该案例，你觉得这是技术改变企业那个领域的典型案例？','','产品||流程||财务||项目','B','《数字化转型与创新管理-VeriSM导论》：清华大学出版社',79,1,'通过技术改变用户使用产品和服务的方式，从线下购买流程变成线上线下一体化流程',1,'','2022-03-24 15:01:26'),(94,'组织能力是指组织完成一项目标和任务所体现出来的综合素质，下面哪一项不属于组织能力？','','人||部门||知识||流程','B','《数字化转型与创新管理-VeriSM导论》：清华大学出版社',90,1,'undefined',1,'','2022-03-24 15:01:26'),(95,'在淘宝APP上购买一件商品，可能涉及的阿里组织能力包括：','','客户服务||销售||物流||IT','ABCD','《数字化转型与创新管理-VeriSM导论》：清华大学出版社',87,1,'每种产品或服务，都会有许多不同的组织能力。购物网站可能涉及客户服务销售物流和IT等组织能力。',2,'','2022-03-24 15:01:26'),(96,'\n某企业需要大幅节约成本。第一步开始在财务部门裁员。结果其他部门无法获得财务的专业支持，无奈各部门只得聘用自己的私有财务人员来完成合同审核等相关工作。这引发了很多问题，原因是这些人员并没有财务系统的所有权限，他们看不到大局。 这些行为直接导致企业整体财务能力下滑的不良后果。然而为这些私有资源额外付出的成本，从组织的角度来看，并没有降低其预期的成本。以上案例说明该企业在内部管理上严重缺乏哪一种组织能力？','','协作||开发||销售||IT','A','《数字化转型与创新管理-VeriSM导论》：清华大学出版社',85,1,'缺乏相互协作，组织能力就会独自分散地工作，团队间也很少甚至没有交互，这往往会严重影响到取得成果的效率和效益。组织在没有获得明确批准或没有充分考虑服务交付的情况下，在组织内部实施的系统流程解决方案和决策。这是典型的企业影子行为。是由于缺少协作而导致的。',1,'','2022-03-24 15:01:26'),(97,'每个组织有其独一无二的文化。文化包含了组织的价值观、规范、系统、符号、语言、前提、信仰和习惯等等。下面哪些行为能体现出该企业的独有文化？','','\n组织如何升展业务活动||组织如何对待其员工、客户及更广泛的群体||决策的自主权、提出新的想法和个人意愿||权力和信息如何在组织内部层级间流动','ABCD','《数字化转型与创新管理-VeriSM导论》：清华大学出版社',107,1,'undefined',2,'','2022-03-24 15:01:26'),(98,'企业数字化转型需要企业具备哪些文化？','','“无责备”文化||创业式文化||敏捷文化||管控式文化','ABC','《数字化转型与创新管理-VeriSM导论》：清华大学出版社',107,1,'“无责备”指的是员工知道在工作当中如果他们用正确的方法做事时出了问题，他们不会受到责备。如果员工是为了团队和组织在做正确的事情，他们不该因为失败而被责备。\n拥抱变化是创业文化的核心。组织总是在寻求最佳工作方式，探索更多的选择，如果这是一件正确的事情，那就去做。创业组织也是一个学习型组织，如果哪里出现问题，他们会从中学 习，并继续前行。\n数字化转型是一个长期过程，在初期的快速迭代非常关键，这需要企业具备重要的敏捷能力。',2,'','2022-03-24 15:01:26'),(99,'政策是以实现组织目标为导向的为员工提供的指导思想。好的政策能为执行人员提供清晰的行动指引，政策主要解决战略方向中的那些问题？','','“谁来做”||“怎么做”||“为什么”||“是什么”','CD','《数字化转型与创新管理-VeriSM导论》：清华大学出版社',107,1,'政策是实现战略方向的—种手段，它是解决战略中有关“是什么”和“为什么”的问题， 而不是解决“如何去做”“谁来做”的问题。 “如何去做”“谁来做”取决于管理和组织的能力，并在各个流程和程序中进行定义。',2,'','2022-03-24 15:01:26'),(100,'战略规划的目的是指导组织的行动，确保最终目标落在一个确定的范围内，并实现组织领导层所规定的组织目标。战略规划包括：（）','','愿景( “我们想在5年后做到什么样?”) ||使命(“我们想要实现什么?”)||价值观(“不作恶”||战术计划（““到哪儿和如何去? ”）||运营计划（“做什么”）','ABC','《数字化转型与创新管理-VeriSM导论》：清华大学出版社',90,1,'战略规划一般由组织高层制定，并与治理机构进行协作。它从组织的使命开始，展望未来(3年、 5年甚至10年)并提出以下几个问题：\n1、我们需要做什么(或不做) ?\n2、它为什么如此重要?\n3、什么时候才能实现我们的战略目标?\n战略规划不包括战术计划。战术计划是针对各种组织能力的更具体的计划，它也用来指导组织内部员工如何去实现战略规划。运营计划讲的是“做什么” 。运营计划包括由一线经理执行的，有非常具体的确切结果的一系列活动。维持着组织的整体功能和活力。',2,'','2022-03-24 15:01:26'),(101,'数字化转型是指数字化技术应用到全组织各个层面带来的变革，包括从销售到市场、产品、服务乃至全新商业模式。','','T||F','T','《数字化转型与创新管理-VeriSM导论》：清华大学出版社',105,1,' 科技已经不再仅是组织内部IT部门的事情，其他团队和组织能力都在探究科技如何可以改变业务流程、产品和服务。使用科技可以帮助组织找到突破口，进入新市场，并以更快或更盈利的方式交付产品和服务。这些收益有时被称作数字化颠覆。科技可以从根本上改变组织的运营以及组织如何交付产品和服务。',3,'','2022-03-24 15:01:26'),(102,'数字化转型分为“数字化优化”和“数字化颠覆”两种，前者是组织使用创新技术和方法来增加现有的服务。后者被用来描述一个行业、一种做生意的方式或者一个生态系统受到掌握了数字化技能的同行的巨大挑战。挑战者的解决方案、商业模式和方法会导致客户行为和市场环境发生重大变化，逼迫要求现有的参与者相应地改变他们的策略。下面那个案例不属于数字化颠覆？','','网络购物推动购买习惯的改变(淘宝，亚马逊) ||社交点评来提高消费者对商家的影响力(美团，微信）||人工智能结合大数据提高社会治理效果(健康码) ||运用工业互联网提升产线生产效率（三一重工树根互联平台）','D','《数字化转型与创新管理-VeriSM导论》：清华大学出版社',75,1,'颠覆与消费者有关。它经常发生在顾客体验的“最后一公里” 。工业互联网提升生产效率属于数字化优化。',1,'','2022-03-24 15:01:26'),(103,' 创业公司通常会使用云计算，通过租用服务的方式取代旧的IT硬件设备，这样做的好处是：（）','','可以使用最新和最好的技术这些技术 ||“随用随付”模式为创业公司提供低成本的试验过程 ||以更短时间更低成本进入市场 ||专注于战略目标，而不是技术','ABCD','《数字化转型与创新管理-VeriSM导论》：清华大学出版社',57,1,'云计算可以给创业企业提供更快更新的服务',2,'','2022-03-24 15:01:26'),(104,'服务文化存在于这样的—种组织中，该组织内的员工、产品、服务和业务流程都是以最终客户为中心或者以技术为中心而发展起来的。','','T||F','F','《数字化转型与创新管理-VeriSM导论》：清华大学出版社',71,1,'服务文化只能以客户为中心发展起来，以技术为中心是无法发展服务文化的。',3,'','2022-03-24 15:01:26'),(105,'数字化转型要求在组织内部采用—种新型的服务管理方法。组织的服务管理属于哪个领域？','','服务管理属于业务领域||服务管理属于IT领域 ||服务管理外包给第三方供应商 ||服务管理属于整个组织','D','《数字化转型与创新管理-VeriSM导论》：清华大学出版社',71,1,'产品和服务需要多方业务能力单元的投入，通力合作以实现组织目标。服务管理被提升到企业层面。',1,'','2022-03-24 15:01:26'),(106,'创建服务文化最重要的元素是什么? ','','赋予员工独立决策的权利 ||衡量服务文化，以确定改进思路||通过行动而不是语言向消费者表明他们受到重视||培训员工和管理者良好的服务行为','C','《数字化转型与创新管理-VeriSM导论》：清华大学出版社',71,1,'通过行动而不是语言向消费者表明他们受到重视，这才是最重要的元素。',1,'','2022-03-24 15:01:26'),(107,'情商决定了两个主要能力:人际和社交。以下哪两项技能属于社交能力? ','','加入社交团体并积极交流||了解社交媒体以及会影响自身的人或事||社会意识和关系管理||社交内容管理和使用社交技巧','C','《数字化转型与创新管理-VeriSM导论》：清华大学出版社',108,1,'社交意识和关系管理是Ttavis Bradberry和Jean Greaves在他们的著作《情商2.0》中定义的两项技能。',1,'','2022-03-24 15:01:26'),(108,'数据不仅可以直接转化为现实生产力，也具备放大其它生产要素的潜力，实现企业投入结构优化、驱动数字化转型、实现全要素生产率提升。','','T||F','T','《数字化转型百问》：清华大学出版社',91,1,'用户了解并加深被测评人对于数据驱动思维的认知',3,'','2022-03-24 15:01:57'),(109,'数字化转型范围是从客户需求出发，到组织中的各个部门，最终满足客户消费。它是一个多部门而不是单部门的职责。','','T||F','T','《数字化转型与创新管理-VeriSM导论》：清华大学出版社',101,1,'数字化转型是企业整体的转型，而不是单个部门（比如IT）的转型',3,'','2022-03-24 15:01:57'),(110,'第四次工业革命的颠覆性影响就是数字化颠覆，两者本质上相同。','','T||F','T','《数字化转型与创新管理-VeriSM导论》：清华大学出版社',36,1,'企业和社会正在从第三次工业革命迈向第四次工业革命，数字技术将会成为新的产品和服务，新的运营方式和新的商业模式的核心',3,'','2022-03-24 15:01:57'),(111,'数字化转型主要是现有商业模式的渐进创新。','','T||F','F','《数字化转型与创新管理-VeriSM导论》：清华大学出版社',68,1,'数字化转型需要完全不同的商业策略，而不是现有商业模式的渐进创新',3,'','2022-03-24 15:01:57'),(112,'数字化典型特征是指数型增长，数字化转型的终极目标是建立指数型组织。','','T||F','T','《数字化转型与创新管理-VeriSM导论》：清华大学出版社',106,1,'采用指数型技术，相较于同类组织，这种组织的影响力呈现指数型增长（至少10倍的增长）',3,'','2022-03-24 15:01:57'),(113,'数字化转型需要两个核心思维：1、为客户服务是所有人的职责，是基本的组织能力；2、员工要认可技术对于产品和服务的影响。','','T||F','T','《数字化转型与创新管理-VeriSM导论》：清华大学出版社',73,1,'VeriSM方法中最重要思维：接受服务管理是每个人的职责，是基本的组织能力。组织中每个层级的每个员工都有责任参与。另—个成功的关键要素是认可技术对产品和服务的影响。数字化转型改变组织运营的各个方面，不管规模大小‘私营企业还是公共事业。所有员工都需要思考技术赋能服务，而不仅是从事IT项目的员工。业务项目和流程也需要被技术赋能。',3,'','2022-03-24 15:01:57'),(114,'你在星巴克APP上预定了一杯咖啡，当你驱车快到咖啡店的时候，咖啡已经做好。你获得方便快捷的服务，节省了时间。星巴克也可以获得了顾客数据来提升它们的服务。顾客数据包括消费高峰时段、个人营销和广告机会、高效供应链管理数据，足够但不过量的咖啡豆库存数据。分析该案例，你觉得这是技术改变企业那个领域的典型案例？','','产品||流程||财务||项目','B','《数字化转型与创新管理-VeriSM导论》：清华大学出版社',79,1,'通过技术改变用户使用产品和服务的方式，从线下购买流程变成线上线下一体化流程',1,'','2022-03-24 15:01:57'),(115,'组织能力是指组织完成一项目标和任务所体现出来的综合素质，下面哪一项不属于组织能力？','','人||部门||知识||流程','B','《数字化转型与创新管理-VeriSM导论》：清华大学出版社',90,1,'undefined',1,'','2022-03-24 15:01:57'),(116,'在淘宝APP上购买一件商品，可能涉及的阿里组织能力包括：','','客户服务||销售||物流||IT','ABCD','《数字化转型与创新管理-VeriSM导论》：清华大学出版社',87,1,'每种产品或服务，都会有许多不同的组织能力。购物网站可能涉及客户服务销售物流和IT等组织能力。',2,'','2022-03-24 15:01:57'),(117,'\n某企业需要大幅节约成本。第一步开始在财务部门裁员。结果其他部门无法获得财务的专业支持，无奈各部门只得聘用自己的私有财务人员来完成合同审核等相关工作。这引发了很多问题，原因是这些人员并没有财务系统的所有权限，他们看不到大局。 这些行为直接导致企业整体财务能力下滑的不良后果。然而为这些私有资源额外付出的成本，从组织的角度来看，并没有降低其预期的成本。以上案例说明该企业在内部管理上严重缺乏哪一种组织能力？','','协作||开发||销售||IT','A','《数字化转型与创新管理-VeriSM导论》：清华大学出版社',85,1,'缺乏相互协作，组织能力就会独自分散地工作，团队间也很少甚至没有交互，这往往会严重影响到取得成果的效率和效益。组织在没有获得明确批准或没有充分考虑服务交付的情况下，在组织内部实施的系统流程解决方案和决策。这是典型的企业影子行为。是由于缺少协作而导致的。',1,'','2022-03-24 15:01:57'),(118,'每个组织有其独一无二的文化。文化包含了组织的价值观、规范、系统、符号、语言、前提、信仰和习惯等等。下面哪些行为能体现出该企业的独有文化？','','\n组织如何升展业务活动||组织如何对待其员工、客户及更广泛的群体||决策的自主权、提出新的想法和个人意愿||权力和信息如何在组织内部层级间流动','ABCD','《数字化转型与创新管理-VeriSM导论》：清华大学出版社',107,1,'undefined',2,'','2022-03-24 15:01:57'),(119,'企业数字化转型需要企业具备哪些文化？','','“无责备”文化||创业式文化||敏捷文化||管控式文化','ABC','《数字化转型与创新管理-VeriSM导论》：清华大学出版社',107,1,'“无责备”指的是员工知道在工作当中如果他们用正确的方法做事时出了问题，他们不会受到责备。如果员工是为了团队和组织在做正确的事情，他们不该因为失败而被责备。\n拥抱变化是创业文化的核心。组织总是在寻求最佳工作方式，探索更多的选择，如果这是一件正确的事情，那就去做。创业组织也是一个学习型组织，如果哪里出现问题，他们会从中学 习，并继续前行。\n数字化转型是一个长期过程，在初期的快速迭代非常关键，这需要企业具备重要的敏捷能力。',2,'','2022-03-24 15:01:57'),(120,'政策是以实现组织目标为导向的为员工提供的指导思想。好的政策能为执行人员提供清晰的行动指引，政策主要解决战略方向中的那些问题？','','“谁来做”||“怎么做”||“为什么”||“是什么”','CD','《数字化转型与创新管理-VeriSM导论》：清华大学出版社',107,1,'政策是实现战略方向的—种手段，它是解决战略中有关“是什么”和“为什么”的问题， 而不是解决“如何去做”“谁来做”的问题。 “如何去做”“谁来做”取决于管理和组织的能力，并在各个流程和程序中进行定义。',2,'','2022-03-24 15:01:57'),(121,'战略规划的目的是指导组织的行动，确保最终目标落在一个确定的范围内，并实现组织领导层所规定的组织目标。战略规划包括：（）','','愿景( “我们想在5年后做到什么样?”) ||使命(“我们想要实现什么?”)||价值观(“不作恶”||战术计划（““到哪儿和如何去? ”）||运营计划（“做什么”）','ABC','《数字化转型与创新管理-VeriSM导论》：清华大学出版社',90,1,'战略规划一般由组织高层制定，并与治理机构进行协作。它从组织的使命开始，展望未来(3年、 5年甚至10年)并提出以下几个问题：\n1、我们需要做什么(或不做) ?\n2、它为什么如此重要?\n3、什么时候才能实现我们的战略目标?\n战略规划不包括战术计划。战术计划是针对各种组织能力的更具体的计划，它也用来指导组织内部员工如何去实现战略规划。运营计划讲的是“做什么” 。运营计划包括由一线经理执行的，有非常具体的确切结果的一系列活动。维持着组织的整体功能和活力。',2,'','2022-03-24 15:01:57'),(122,'数字化转型是指数字化技术应用到全组织各个层面带来的变革，包括从销售到市场、产品、服务乃至全新商业模式。','','T||F','T','《数字化转型与创新管理-VeriSM导论》：清华大学出版社',105,1,' 科技已经不再仅是组织内部IT部门的事情，其他团队和组织能力都在探究科技如何可以改变业务流程、产品和服务。使用科技可以帮助组织找到突破口，进入新市场，并以更快或更盈利的方式交付产品和服务。这些收益有时被称作数字化颠覆。科技可以从根本上改变组织的运营以及组织如何交付产品和服务。',3,'','2022-03-24 15:01:57'),(123,'数字化转型分为“数字化优化”和“数字化颠覆”两种，前者是组织使用创新技术和方法来增加现有的服务。后者被用来描述一个行业、一种做生意的方式或者一个生态系统受到掌握了数字化技能的同行的巨大挑战。挑战者的解决方案、商业模式和方法会导致客户行为和市场环境发生重大变化，逼迫要求现有的参与者相应地改变他们的策略。下面那个案例不属于数字化颠覆？','','网络购物推动购买习惯的改变(淘宝，亚马逊) ||社交点评来提高消费者对商家的影响力(美团，微信）||人工智能结合大数据提高社会治理效果(健康码) ||运用工业互联网提升产线生产效率（三一重工树根互联平台）','D','《数字化转型与创新管理-VeriSM导论》：清华大学出版社',75,1,'颠覆与消费者有关。它经常发生在顾客体验的“最后一公里” 。工业互联网提升生产效率属于数字化优化。',1,'','2022-03-24 15:01:57'),(124,' 创业公司通常会使用云计算，通过租用服务的方式取代旧的IT硬件设备，这样做的好处是：（）','','可以使用最新和最好的技术这些技术 ||“随用随付”模式为创业公司提供低成本的试验过程 ||以更短时间更低成本进入市场 ||专注于战略目标，而不是技术','ABCD','《数字化转型与创新管理-VeriSM导论》：清华大学出版社',57,1,'云计算可以给创业企业提供更快更新的服务',2,'','2022-03-24 15:01:57'),(125,'服务文化存在于这样的—种组织中，该组织内的员工、产品、服务和业务流程都是以最终客户为中心或者以技术为中心而发展起来的。','','T||F','F','《数字化转型与创新管理-VeriSM导论》：清华大学出版社',71,1,'服务文化只能以客户为中心发展起来，以技术为中心是无法发展服务文化的。',3,'','2022-03-24 15:01:57'),(126,'数字化转型要求在组织内部采用—种新型的服务管理方法。组织的服务管理属于哪个领域？','','服务管理属于业务领域||服务管理属于IT领域 ||服务管理外包给第三方供应商 ||服务管理属于整个组织','D','《数字化转型与创新管理-VeriSM导论》：清华大学出版社',71,1,'产品和服务需要多方业务能力单元的投入，通力合作以实现组织目标。服务管理被提升到企业层面。',1,'','2022-03-24 15:01:57'),(127,'创建服务文化最重要的元素是什么? ','','赋予员工独立决策的权利 ||衡量服务文化，以确定改进思路||通过行动而不是语言向消费者表明他们受到重视||培训员工和管理者良好的服务行为','C','《数字化转型与创新管理-VeriSM导论》：清华大学出版社',71,1,'通过行动而不是语言向消费者表明他们受到重视，这才是最重要的元素。',1,'','2022-03-24 15:01:57'),(128,'情商决定了两个主要能力:人际和社交。以下哪两项技能属于社交能力? ','','加入社交团体并积极交流||了解社交媒体以及会影响自身的人或事||社会意识和关系管理||社交内容管理和使用社交技巧','C','《数字化转型与创新管理-VeriSM导论》：清华大学出版社',108,1,'社交意识和关系管理是Ttavis Bradberry和Jean Greaves在他们的著作《情商2.0》中定义的两项技能。',1,'','2022-03-24 15:01:57');
/*!40000 ALTER TABLE `t_question` ENABLE KEYS */;
UNLOCK TABLES;

--
-- Table structure for table `t_rel_article_label`
--

DROP TABLE IF EXISTS `t_rel_article_label`;
/*!40101 SET @saved_cs_client     = @@character_set_client */;
/*!50503 SET character_set_client = utf8mb4 */;
CREATE TABLE `t_rel_article_label` (
  `id` int(11) NOT NULL AUTO_INCREMENT,
  `label_id` int(11) NOT NULL,
  `article_id` int(11) NOT NULL,
  `description` varchar(1024) NOT NULL DEFAULT '',
  PRIMARY KEY (`id`)
) ENGINE=InnoDB DEFAULT CHARSET=utf8;
/*!40101 SET character_set_client = @saved_cs_client */;

--
-- Dumping data for table `t_rel_article_label`
--

LOCK TABLES `t_rel_article_label` WRITE;
/*!40000 ALTER TABLE `t_rel_article_label` DISABLE KEYS */;
/*!40000 ALTER TABLE `t_rel_article_label` ENABLE KEYS */;
UNLOCK TABLES;

--
-- Table structure for table `t_rel_question_label`
--

DROP TABLE IF EXISTS `t_rel_question_label`;
/*!40101 SET @saved_cs_client     = @@character_set_client */;
/*!50503 SET character_set_client = utf8mb4 */;
CREATE TABLE `t_rel_question_label` (
  `id` int(11) NOT NULL AUTO_INCREMENT,
  `label_id` int(11) NOT NULL,
  `question_id` int(11) NOT NULL,
  `description` varchar(1024) NOT NULL DEFAULT '',
  PRIMARY KEY (`id`) USING BTREE
) ENGINE=InnoDB DEFAULT CHARSET=utf8 ROW_FORMAT=DYNAMIC;
/*!40101 SET character_set_client = @saved_cs_client */;

--
-- Dumping data for table `t_rel_question_label`
--

LOCK TABLES `t_rel_question_label` WRITE;
/*!40000 ALTER TABLE `t_rel_question_label` DISABLE KEYS */;
/*!40000 ALTER TABLE `t_rel_question_label` ENABLE KEYS */;
UNLOCK TABLES;

--
-- Table structure for table `t_user`
--

DROP TABLE IF EXISTS `t_user`;
/*!40101 SET @saved_cs_client     = @@character_set_client */;
/*!50503 SET character_set_client = utf8mb4 */;
CREATE TABLE `t_user` (
  `id` int(11) NOT NULL AUTO_INCREMENT,
  `accountname` varchar(50) NOT NULL,
  `username` varchar(50) NOT NULL,
  `password` varchar(255) DEFAULT NULL,
  `phone` varchar(50) NOT NULL,
  `image` varchar(255) NOT NULL,
  `salt` varchar(255) DEFAULT NULL,
  `register_time` timestamp NOT NULL DEFAULT CURRENT_TIMESTAMP,
  `last_login` timestamp NOT NULL DEFAULT CURRENT_TIMESTAMP,
  `description` varchar(255) DEFAULT NULL,
  `isdelete` int(11) NOT NULL DEFAULT '0',
  `role` int(11) DEFAULT '3',
  PRIMARY KEY (`id`)
) ENGINE=InnoDB AUTO_INCREMENT=21 DEFAULT CHARSET=utf8;
/*!40101 SET character_set_client = @saved_cs_client */;

--
-- Dumping data for table `t_user`
--

LOCK TABLES `t_user` WRITE;
/*!40000 ALTER TABLE `t_user` DISABLE KEYS */;
INSERT INTO `t_user` VALUES (12,'zengkefan','曾科凡','wtY2KwmMgPO+8a3mtptqBw==','18664397582','/fileUpload/2022-02-11/zengkefan__12__1644574928850.jpeg','sLkv','2022-01-31 18:52:09','2022-01-31 18:52:09','',0,1),(19,'chenyaowo','陈耀沃','pIJAfnlocIlQ6Y1hDcc7Xg==','13423455432','/fileUpload/2022-02-16/zengkefan__12__1644976091699.png','VTRf','2022-02-16 01:48:13','2022-02-16 01:48:13','',0,0),(20,'wangjun','王军','jHXAvNSpQSmOO2C0B0t0rg==','13925297489','','m2bQ','2022-03-20 11:43:13','2022-03-20 11:43:13','',0,0);
/*!40000 ALTER TABLE `t_user` ENABLE KEYS */;
UNLOCK TABLES;

--
-- Table structure for table `t_wechat_answer`
--

DROP TABLE IF EXISTS `t_wechat_answer`;
/*!40101 SET @saved_cs_client     = @@character_set_client */;
/*!50503 SET character_set_client = utf8mb4 */;
CREATE TABLE `t_wechat_answer` (
  `id` int(11) NOT NULL AUTO_INCREMENT,
  `phone` varchar(255) NOT NULL,
  `answers` varchar(2048) NOT NULL,
  `time` datetime DEFAULT CURRENT_TIMESTAMP,
  PRIMARY KEY (`id`)
) ENGINE=InnoDB AUTO_INCREMENT=37 DEFAULT CHARSET=utf8;
/*!40101 SET character_set_client = @saved_cs_client */;

--
-- Dumping data for table `t_wechat_answer`
--

LOCK TABLES `t_wechat_answer` WRITE;
/*!40000 ALTER TABLE `t_wechat_answer` DISABLE KEYS */;
INSERT INTO `t_wechat_answer` VALUES (1,'18664397582','[{\"answer\":\"T\",\"questionId\":7,\"costTime\":5916,\"defaultAnswer\":\"T\"},{\"answer\":\"A\",\"questionId\":8,\"costTime\":2169,\"defaultAnswer\":\"B\"},{\"answer\":\"D\",\"questionId\":9,\"costTime\":2053,\"defaultAnswer\":\"ABCD\"},{\"answer\":\"C\",\"questionId\":10,\"costTime\":2032,\"defaultAnswer\":\"ACD\"},{\"answer\":\"T\",\"questionId\":11,\"costTime\":1700,\"defaultAnswer\":\"T\"},{\"answer\":\"C\",\"questionId\":12,\"costTime\":1999,\"defaultAnswer\":\"B\"},{\"answer\":\"C\",\"questionId\":13,\"costTime\":1937,\"defaultAnswer\":\"ABCD\"},{\"answer\":\"D\",\"questionId\":14,\"costTime\":1987,\"defaultAnswer\":\"ACD\"},{\"answer\":\"F\",\"questionId\":15,\"costTime\":2025,\"defaultAnswer\":\"T\"},{\"answer\":\"C\",\"questionId\":16,\"costTime\":1948,\"defaultAnswer\":\"B\"},{\"answer\":\"C\",\"questionId\":17,\"costTime\":2345,\"defaultAnswer\":\"ABCD\"},{\"answer\":\"C\",\"questionId\":18,\"costTime\":2053,\"defaultAnswer\":\"ACD\"},{\"answer\":\"F\",\"questionId\":19,\"costTime\":2108,\"defaultAnswer\":\"T\"},{\"answer\":\"C\",\"questionId\":20,\"costTime\":2079,\"defaultAnswer\":\"B\"},{\"answer\":\"C\",\"questionId\":21,\"costTime\":2161,\"defaultAnswer\":\"ABCD\"},{\"answer\":\"D\",\"questionId\":22,\"costTime\":2111,\"defaultAnswer\":\"ACD\"},{\"answer\":\"F\",\"questionId\":23,\"costTime\":2714,\"defaultAnswer\":\"F\"},{\"answer\":\"B\",\"questionId\":24,\"costTime\":2288,\"defaultAnswer\":\"B\"},{\"answer\":\"C\",\"questionId\":25,\"costTime\":2401,\"defaultAnswer\":\"ABC\"},{\"answer\":\"A\",\"questionId\":26,\"costTime\":1737,\"defaultAnswer\":\"ABCD\"}]','2022-02-23 20:49:10'),(2,'18664397582','[{\"answer\":\"\",\"questionId\":7,\"costTime\":12705,\"defaultAnswer\":\"T\"},{\"answer\":\"\",\"questionId\":8,\"costTime\":1218,\"defaultAnswer\":\"B\"},{\"answer\":\"\",\"questionId\":9,\"costTime\":955,\"defaultAnswer\":\"ABCD\"},{\"answer\":\"\",\"questionId\":10,\"costTime\":976,\"defaultAnswer\":\"ACD\"},{\"answer\":\"\",\"questionId\":11,\"costTime\":773,\"defaultAnswer\":\"T\"},{\"answer\":\"\",\"questionId\":12,\"costTime\":805,\"defaultAnswer\":\"B\"},{\"answer\":\"\",\"questionId\":13,\"costTime\":763,\"defaultAnswer\":\"ABCD\"},{\"answer\":\"\",\"questionId\":14,\"costTime\":770,\"defaultAnswer\":\"ACD\"},{\"answer\":\"\",\"questionId\":15,\"costTime\":787,\"defaultAnswer\":\"T\"},{\"answer\":\"\",\"questionId\":16,\"costTime\":946,\"defaultAnswer\":\"B\"},{\"answer\":\"\",\"questionId\":17,\"costTime\":426,\"defaultAnswer\":\"ABCD\"},{\"answer\":\"\",\"questionId\":18,\"costTime\":263,\"defaultAnswer\":\"ACD\"},{\"answer\":\"\",\"questionId\":19,\"costTime\":1519,\"defaultAnswer\":\"T\"},{\"answer\":\"\",\"questionId\":20,\"costTime\":683,\"defaultAnswer\":\"B\"},{\"answer\":\"\",\"questionId\":21,\"costTime\":627,\"defaultAnswer\":\"ABCD\"},{\"answer\":\"\",\"questionId\":22,\"costTime\":1082,\"defaultAnswer\":\"ACD\"},{\"answer\":\"\",\"questionId\":23,\"costTime\":860,\"defaultAnswer\":\"F\"},{\"answer\":\"\",\"questionId\":24,\"costTime\":648,\"defaultAnswer\":\"B\"},{\"answer\":\"\",\"questionId\":25,\"costTime\":1025,\"defaultAnswer\":\"ABC\"}]','2022-02-24 13:38:56'),(3,'18664397582','[{\"answer\":\"\",\"questionId\":7,\"costTime\":1298,\"defaultAnswer\":\"T\"},{\"answer\":\"\",\"questionId\":8,\"costTime\":931,\"defaultAnswer\":\"B\"},{\"answer\":\"\",\"questionId\":9,\"costTime\":744,\"defaultAnswer\":\"ABCD\"},{\"answer\":\"\",\"questionId\":10,\"costTime\":749,\"defaultAnswer\":\"ACD\"},{\"answer\":\"\",\"questionId\":11,\"costTime\":445,\"defaultAnswer\":\"T\"},{\"answer\":\"\",\"questionId\":12,\"costTime\":194,\"defaultAnswer\":\"B\"},{\"answer\":\"\",\"questionId\":13,\"costTime\":518,\"defaultAnswer\":\"ABCD\"},{\"answer\":\"\",\"questionId\":14,\"costTime\":454,\"defaultAnswer\":\"ACD\"},{\"answer\":\"\",\"questionId\":15,\"costTime\":193,\"defaultAnswer\":\"T\"},{\"answer\":\"\",\"questionId\":16,\"costTime\":472,\"defaultAnswer\":\"B\"},{\"answer\":\"\",\"questionId\":17,\"costTime\":339,\"defaultAnswer\":\"ABCD\"},{\"answer\":\"\",\"questionId\":18,\"costTime\":262,\"defaultAnswer\":\"ACD\"},{\"answer\":\"\",\"questionId\":19,\"costTime\":247,\"defaultAnswer\":\"T\"},{\"answer\":\"\",\"questionId\":20,\"costTime\":448,\"defaultAnswer\":\"B\"},{\"answer\":\"\",\"questionId\":21,\"costTime\":363,\"defaultAnswer\":\"ABCD\"},{\"answer\":\"\",\"questionId\":22,\"costTime\":375,\"defaultAnswer\":\"ACD\"},{\"answer\":\"\",\"questionId\":23,\"costTime\":1176,\"defaultAnswer\":\"F\"},{\"answer\":\"\",\"questionId\":24,\"costTime\":1032,\"defaultAnswer\":\"B\"},{\"answer\":\"\",\"questionId\":25,\"costTime\":399,\"defaultAnswer\":\"ABC\"}]','2022-02-24 14:09:26'),(4,'18664397582','[{\"answer\":\"\",\"questionId\":7,\"costTime\":1199,\"defaultAnswer\":\"T\"},{\"answer\":\"\",\"questionId\":8,\"costTime\":923,\"defaultAnswer\":\"B\"},{\"answer\":\"\",\"questionId\":9,\"costTime\":828,\"defaultAnswer\":\"ABCD\"},{\"answer\":\"\",\"questionId\":10,\"costTime\":422,\"defaultAnswer\":\"ACD\"},{\"answer\":\"\",\"questionId\":11,\"costTime\":207,\"defaultAnswer\":\"T\"},{\"answer\":\"\",\"questionId\":12,\"costTime\":188,\"defaultAnswer\":\"B\"},{\"answer\":\"\",\"questionId\":13,\"costTime\":363,\"defaultAnswer\":\"ABCD\"},{\"answer\":\"\",\"questionId\":14,\"costTime\":220,\"defaultAnswer\":\"ACD\"},{\"answer\":\"\",\"questionId\":15,\"costTime\":231,\"defaultAnswer\":\"T\"},{\"answer\":\"\",\"questionId\":16,\"costTime\":182,\"defaultAnswer\":\"B\"},{\"answer\":\"\",\"questionId\":17,\"costTime\":338,\"defaultAnswer\":\"ABCD\"},{\"answer\":\"\",\"questionId\":18,\"costTime\":213,\"defaultAnswer\":\"ACD\"},{\"answer\":\"\",\"questionId\":19,\"costTime\":196,\"defaultAnswer\":\"T\"},{\"answer\":\"\",\"questionId\":20,\"costTime\":224,\"defaultAnswer\":\"B\"},{\"answer\":\"\",\"questionId\":21,\"costTime\":201,\"defaultAnswer\":\"ABCD\"},{\"answer\":\"\",\"questionId\":22,\"costTime\":204,\"defaultAnswer\":\"ACD\"},{\"answer\":\"\",\"questionId\":23,\"costTime\":1107,\"defaultAnswer\":\"F\"},{\"answer\":\"\",\"questionId\":24,\"costTime\":808,\"defaultAnswer\":\"B\"},{\"answer\":\"\",\"questionId\":25,\"costTime\":848,\"defaultAnswer\":\"ABC\"}]','2022-02-24 14:10:51'),(5,'18664397582','[{\"answer\":\"\",\"questionId\":7,\"labelId\":19,\"costTime\":12669,\"defaultAnswer\":\"T\"},{\"answer\":\"B\",\"questionId\":8,\"labelId\":22,\"costTime\":2350,\"defaultAnswer\":\"B\"},{\"answer\":\"CD\",\"questionId\":9,\"labelId\":4,\"costTime\":4633,\"defaultAnswer\":\"ABCD\"},{\"answer\":\"D\",\"questionId\":10,\"labelId\":21,\"costTime\":1937,\"defaultAnswer\":\"ACD\"},{\"answer\":\"T\",\"questionId\":11,\"labelId\":19,\"costTime\":2065,\"defaultAnswer\":\"T\"},{\"answer\":\"C\",\"questionId\":12,\"labelId\":22,\"costTime\":1924,\"defaultAnswer\":\"B\"},{\"answer\":\"C\",\"questionId\":13,\"labelId\":4,\"costTime\":1804,\"defaultAnswer\":\"ABCD\"},{\"answer\":\"C\",\"questionId\":14,\"labelId\":21,\"costTime\":1990,\"defaultAnswer\":\"ACD\"},{\"answer\":\"T\",\"questionId\":15,\"labelId\":19,\"costTime\":2065,\"defaultAnswer\":\"T\"},{\"answer\":\"B\",\"questionId\":16,\"labelId\":22,\"costTime\":2706,\"defaultAnswer\":\"B\"},{\"answer\":\"B\",\"questionId\":17,\"labelId\":4,\"costTime\":2179,\"defaultAnswer\":\"ABCD\"},{\"answer\":\"B\",\"questionId\":18,\"labelId\":21,\"costTime\":2786,\"defaultAnswer\":\"ACD\"},{\"answer\":\"T\",\"questionId\":19,\"labelId\":19,\"costTime\":2430,\"defaultAnswer\":\"T\"},{\"answer\":\"B\",\"questionId\":20,\"labelId\":22,\"costTime\":2498,\"defaultAnswer\":\"B\"},{\"answer\":\"B\",\"questionId\":21,\"labelId\":4,\"costTime\":2683,\"defaultAnswer\":\"ABCD\"},{\"answer\":\"B\",\"questionId\":22,\"labelId\":21,\"costTime\":2813,\"defaultAnswer\":\"ACD\"},{\"answer\":\"T\",\"questionId\":23,\"labelId\":21,\"costTime\":2813,\"defaultAnswer\":\"F\"},{\"answer\":\"A\",\"questionId\":24,\"labelId\":22,\"costTime\":2657,\"defaultAnswer\":\"B\"},{\"answer\":\"A\",\"questionId\":25,\"labelId\":4,\"costTime\":3630,\"defaultAnswer\":\"ABC\"},{\"answer\":\"A\",\"questionId\":26,\"labelId\":4,\"costTime\":3054,\"defaultAnswer\":\"ABCD\"}]','2022-02-24 17:05:49'),(6,'18664397582','[{\"answer\":\"T\",\"questionId\":7,\"labelId\":19,\"costTime\":3488,\"defaultAnswer\":\"T\"},{\"answer\":\"A\",\"questionId\":8,\"labelId\":22,\"costTime\":2831,\"defaultAnswer\":\"B\"},{\"answer\":\"ABCD\",\"questionId\":9,\"labelId\":4,\"costTime\":10636,\"defaultAnswer\":\"ABCD\"},{\"answer\":\"ACD\",\"questionId\":10,\"labelId\":21,\"costTime\":8169,\"defaultAnswer\":\"ACD\"},{\"answer\":\"T\",\"questionId\":11,\"labelId\":19,\"costTime\":2500,\"defaultAnswer\":\"T\"},{\"answer\":\"D\",\"questionId\":12,\"labelId\":22,\"costTime\":12210,\"defaultAnswer\":\"B\"},{\"answer\":\"ABCD\",\"questionId\":13,\"labelId\":4,\"costTime\":10955,\"defaultAnswer\":\"ABCD\"},{\"answer\":\"ACD\",\"questionId\":14,\"labelId\":21,\"costTime\":8006,\"defaultAnswer\":\"ACD\"},{\"answer\":\"T\",\"questionId\":15,\"labelId\":19,\"costTime\":2803,\"defaultAnswer\":\"T\"},{\"answer\":\"A\",\"questionId\":16,\"labelId\":22,\"costTime\":2135,\"defaultAnswer\":\"B\"},{\"answer\":\"ACD\",\"questionId\":17,\"labelId\":4,\"costTime\":7952,\"defaultAnswer\":\"ABCD\"},{\"answer\":\"ACD\",\"questionId\":18,\"labelId\":21,\"costTime\":6810,\"defaultAnswer\":\"ACD\"},{\"answer\":\"T\",\"questionId\":19,\"labelId\":19,\"costTime\":2230,\"defaultAnswer\":\"T\"},{\"answer\":\"A\",\"questionId\":20,\"labelId\":22,\"costTime\":2244,\"defaultAnswer\":\"B\"},{\"answer\":\"A\",\"questionId\":21,\"labelId\":4,\"costTime\":2605,\"defaultAnswer\":\"ABCD\"},{\"answer\":\"A\",\"questionId\":22,\"labelId\":21,\"costTime\":3353,\"defaultAnswer\":\"ACD\"},{\"answer\":\"T\",\"questionId\":23,\"labelId\":21,\"costTime\":2937,\"defaultAnswer\":\"F\"},{\"answer\":\"A\",\"questionId\":24,\"labelId\":22,\"costTime\":3621,\"defaultAnswer\":\"B\"},{\"answer\":\"A\",\"questionId\":25,\"labelId\":4,\"costTime\":2654,\"defaultAnswer\":\"ABC\"},{\"answer\":\"A\",\"questionId\":26,\"labelId\":4,\"costTime\":966,\"defaultAnswer\":\"ABCD\"}]','2022-02-24 17:41:18'),(7,'18664397582','[{\"answer\":\"T\",\"questionId\":7,\"labelId\":19,\"costTime\":3958,\"defaultAnswer\":\"T\"},{\"answer\":\"\",\"questionId\":8,\"labelId\":22,\"costTime\":973,\"defaultAnswer\":\"B\"},{\"answer\":\"\",\"questionId\":9,\"labelId\":4,\"costTime\":899,\"defaultAnswer\":\"ABCD\"},{\"answer\":\"\",\"questionId\":10,\"labelId\":21,\"costTime\":543,\"defaultAnswer\":\"ACD\"},{\"answer\":\"\",\"questionId\":11,\"labelId\":19,\"costTime\":1337,\"defaultAnswer\":\"T\"},{\"answer\":\"\",\"questionId\":12,\"labelId\":22,\"costTime\":179,\"defaultAnswer\":\"B\"},{\"answer\":\"\",\"questionId\":13,\"labelId\":4,\"costTime\":270,\"defaultAnswer\":\"ABCD\"},{\"answer\":\"\",\"questionId\":14,\"labelId\":21,\"costTime\":183,\"defaultAnswer\":\"ACD\"},{\"answer\":\"\",\"questionId\":15,\"labelId\":19,\"costTime\":185,\"defaultAnswer\":\"T\"},{\"answer\":\"\",\"questionId\":16,\"labelId\":22,\"costTime\":171,\"defaultAnswer\":\"B\"},{\"answer\":\"\",\"questionId\":17,\"labelId\":4,\"costTime\":160,\"defaultAnswer\":\"ABCD\"},{\"answer\":\"\",\"questionId\":18,\"labelId\":21,\"costTime\":195,\"defaultAnswer\":\"ACD\"},{\"answer\":\"\",\"questionId\":19,\"labelId\":19,\"costTime\":177,\"defaultAnswer\":\"T\"},{\"answer\":\"\",\"questionId\":20,\"labelId\":22,\"costTime\":188,\"defaultAnswer\":\"B\"},{\"answer\":\"\",\"questionId\":21,\"labelId\":4,\"costTime\":413,\"defaultAnswer\":\"ABCD\"},{\"answer\":\"\",\"questionId\":22,\"labelId\":21,\"costTime\":362,\"defaultAnswer\":\"ACD\"},{\"answer\":\"\",\"questionId\":23,\"labelId\":21,\"costTime\":1031,\"defaultAnswer\":\"F\"},{\"answer\":\"D\",\"questionId\":24,\"labelId\":22,\"costTime\":1125,\"defaultAnswer\":\"B\"},{\"answer\":\"\",\"questionId\":25,\"labelId\":4,\"costTime\":528,\"defaultAnswer\":\"ABC\"}]','2022-02-24 18:10:27'),(8,'18664397582','[{\"answer\":\"\",\"questionId\":7,\"labelId\":19,\"costTime\":1384,\"defaultAnswer\":\"T\"},{\"answer\":\"\",\"questionId\":8,\"labelId\":22,\"costTime\":1445,\"defaultAnswer\":\"B\"},{\"answer\":\"\",\"questionId\":9,\"labelId\":4,\"costTime\":844,\"defaultAnswer\":\"ABCD\"},{\"answer\":\"\",\"questionId\":10,\"labelId\":21,\"costTime\":822,\"defaultAnswer\":\"ACD\"},{\"answer\":\"\",\"questionId\":11,\"labelId\":19,\"costTime\":714,\"defaultAnswer\":\"T\"},{\"answer\":\"\",\"questionId\":12,\"labelId\":22,\"costTime\":331,\"defaultAnswer\":\"B\"},{\"answer\":\"\",\"questionId\":13,\"labelId\":4,\"costTime\":198,\"defaultAnswer\":\"ABCD\"},{\"answer\":\"\",\"questionId\":14,\"labelId\":21,\"costTime\":158,\"defaultAnswer\":\"ACD\"},{\"answer\":\"\",\"questionId\":15,\"labelId\":19,\"costTime\":148,\"defaultAnswer\":\"T\"},{\"answer\":\"\",\"questionId\":16,\"labelId\":22,\"costTime\":158,\"defaultAnswer\":\"B\"},{\"answer\":\"\",\"questionId\":17,\"labelId\":4,\"costTime\":149,\"defaultAnswer\":\"ABCD\"},{\"answer\":\"\",\"questionId\":18,\"labelId\":21,\"costTime\":151,\"defaultAnswer\":\"ACD\"},{\"answer\":\"\",\"questionId\":19,\"labelId\":19,\"costTime\":164,\"defaultAnswer\":\"T\"},{\"answer\":\"\",\"questionId\":20,\"labelId\":22,\"costTime\":143,\"defaultAnswer\":\"B\"},{\"answer\":\"\",\"questionId\":21,\"labelId\":4,\"costTime\":155,\"defaultAnswer\":\"ABCD\"},{\"answer\":\"\",\"questionId\":22,\"labelId\":21,\"costTime\":168,\"defaultAnswer\":\"ACD\"},{\"answer\":\"\",\"questionId\":23,\"labelId\":21,\"costTime\":982,\"defaultAnswer\":\"F\"},{\"answer\":\"D\",\"questionId\":24,\"labelId\":22,\"costTime\":1103,\"defaultAnswer\":\"B\"},{\"answer\":\"\",\"questionId\":25,\"labelId\":4,\"costTime\":117,\"defaultAnswer\":\"ABC\"}]','2022-02-24 18:25:05'),(9,'18664397582','[{\"answer\":\"\",\"questionId\":7,\"labelId\":19,\"costTime\":2577,\"defaultAnswer\":\"T\"},{\"answer\":\"\",\"questionId\":8,\"labelId\":22,\"costTime\":1539,\"defaultAnswer\":\"B\"},{\"answer\":\"\",\"questionId\":9,\"labelId\":4,\"costTime\":957,\"defaultAnswer\":\"ABCD\"},{\"answer\":\"\",\"questionId\":10,\"labelId\":21,\"costTime\":1069,\"defaultAnswer\":\"ACD\"},{\"answer\":\"\",\"questionId\":11,\"labelId\":19,\"costTime\":151,\"defaultAnswer\":\"T\"},{\"answer\":\"\",\"questionId\":12,\"labelId\":22,\"costTime\":157,\"defaultAnswer\":\"B\"},{\"answer\":\"\",\"questionId\":13,\"labelId\":4,\"costTime\":149,\"defaultAnswer\":\"ABCD\"},{\"answer\":\"\",\"questionId\":14,\"labelId\":21,\"costTime\":155,\"defaultAnswer\":\"ACD\"},{\"answer\":\"\",\"questionId\":15,\"labelId\":19,\"costTime\":142,\"defaultAnswer\":\"T\"},{\"answer\":\"\",\"questionId\":16,\"labelId\":22,\"costTime\":156,\"defaultAnswer\":\"B\"},{\"answer\":\"\",\"questionId\":17,\"labelId\":4,\"costTime\":140,\"defaultAnswer\":\"ABCD\"},{\"answer\":\"\",\"questionId\":18,\"labelId\":21,\"costTime\":159,\"defaultAnswer\":\"ACD\"},{\"answer\":\"\",\"questionId\":19,\"labelId\":19,\"costTime\":138,\"defaultAnswer\":\"T\"},{\"answer\":\"\",\"questionId\":20,\"labelId\":22,\"costTime\":142,\"defaultAnswer\":\"B\"},{\"answer\":\"\",\"questionId\":21,\"labelId\":4,\"costTime\":156,\"defaultAnswer\":\"ABCD\"},{\"answer\":\"\",\"questionId\":22,\"labelId\":21,\"costTime\":141,\"defaultAnswer\":\"ACD\"},{\"answer\":\"\",\"questionId\":23,\"labelId\":21,\"costTime\":919,\"defaultAnswer\":\"F\"},{\"answer\":\"\",\"questionId\":24,\"labelId\":22,\"costTime\":1299,\"defaultAnswer\":\"B\"},{\"answer\":\"\",\"questionId\":25,\"labelId\":4,\"costTime\":164,\"defaultAnswer\":\"ABC\"}]','2022-02-24 18:37:22'),(10,'18664397582','[{\"answer\":\"\",\"questionId\":7,\"labelId\":19,\"costTime\":1117,\"defaultAnswer\":\"T\"},{\"answer\":\"B\",\"questionId\":8,\"labelId\":22,\"costTime\":1361,\"defaultAnswer\":\"B\"},{\"answer\":\"\",\"questionId\":9,\"labelId\":4,\"costTime\":783,\"defaultAnswer\":\"ABCD\"},{\"answer\":\"\",\"questionId\":10,\"labelId\":21,\"costTime\":146,\"defaultAnswer\":\"ACD\"},{\"answer\":\"\",\"questionId\":11,\"labelId\":19,\"costTime\":1282,\"defaultAnswer\":\"T\"},{\"answer\":\"\",\"questionId\":12,\"labelId\":22,\"costTime\":141,\"defaultAnswer\":\"B\"},{\"answer\":\"\",\"questionId\":13,\"labelId\":4,\"costTime\":147,\"defaultAnswer\":\"ABCD\"},{\"answer\":\"\",\"questionId\":14,\"labelId\":21,\"costTime\":140,\"defaultAnswer\":\"ACD\"},{\"answer\":\"\",\"questionId\":15,\"labelId\":19,\"costTime\":134,\"defaultAnswer\":\"T\"},{\"answer\":\"\",\"questionId\":16,\"labelId\":22,\"costTime\":154,\"defaultAnswer\":\"B\"},{\"answer\":\"\",\"questionId\":17,\"labelId\":4,\"costTime\":134,\"defaultAnswer\":\"ABCD\"},{\"answer\":\"\",\"questionId\":18,\"labelId\":21,\"costTime\":130,\"defaultAnswer\":\"ACD\"},{\"answer\":\"\",\"questionId\":19,\"labelId\":19,\"costTime\":151,\"defaultAnswer\":\"T\"},{\"answer\":\"\",\"questionId\":20,\"labelId\":22,\"costTime\":148,\"defaultAnswer\":\"B\"},{\"answer\":\"\",\"questionId\":21,\"labelId\":4,\"costTime\":764,\"defaultAnswer\":\"ABCD\"},{\"answer\":\"\",\"questionId\":22,\"labelId\":21,\"costTime\":157,\"defaultAnswer\":\"ACD\"},{\"answer\":\"\",\"questionId\":23,\"labelId\":21,\"costTime\":923,\"defaultAnswer\":\"F\"},{\"answer\":\"\",\"questionId\":24,\"labelId\":22,\"costTime\":1420,\"defaultAnswer\":\"B\"},{\"answer\":\"\",\"questionId\":25,\"labelId\":4,\"costTime\":169,\"defaultAnswer\":\"ABC\"}]','2022-02-24 18:43:55'),(11,'18664397582','[{\"answer\":\"\",\"questionId\":7,\"labelId\":19,\"costTime\":1814,\"defaultAnswer\":\"T\"},{\"answer\":\"\",\"questionId\":8,\"labelId\":22,\"costTime\":852,\"defaultAnswer\":\"B\"},{\"answer\":\"\",\"questionId\":9,\"labelId\":4,\"costTime\":886,\"defaultAnswer\":\"ABCD\"},{\"answer\":\"\",\"questionId\":10,\"labelId\":21,\"costTime\":437,\"defaultAnswer\":\"ACD\"},{\"answer\":\"\",\"questionId\":11,\"labelId\":19,\"costTime\":1305,\"defaultAnswer\":\"T\"},{\"answer\":\"\",\"questionId\":12,\"labelId\":22,\"costTime\":162,\"defaultAnswer\":\"B\"},{\"answer\":\"\",\"questionId\":13,\"labelId\":4,\"costTime\":172,\"defaultAnswer\":\"ABCD\"},{\"answer\":\"\",\"questionId\":14,\"labelId\":21,\"costTime\":199,\"defaultAnswer\":\"ACD\"},{\"answer\":\"\",\"questionId\":15,\"labelId\":19,\"costTime\":192,\"defaultAnswer\":\"T\"},{\"answer\":\"\",\"questionId\":16,\"labelId\":22,\"costTime\":296,\"defaultAnswer\":\"B\"},{\"answer\":\"\",\"questionId\":17,\"labelId\":4,\"costTime\":197,\"defaultAnswer\":\"ABCD\"},{\"answer\":\"\",\"questionId\":18,\"labelId\":21,\"costTime\":284,\"defaultAnswer\":\"ACD\"},{\"answer\":\"\",\"questionId\":19,\"labelId\":19,\"costTime\":216,\"defaultAnswer\":\"T\"},{\"answer\":\"\",\"questionId\":20,\"labelId\":22,\"costTime\":191,\"defaultAnswer\":\"B\"},{\"answer\":\"\",\"questionId\":21,\"labelId\":4,\"costTime\":197,\"defaultAnswer\":\"ABCD\"},{\"answer\":\"\",\"questionId\":22,\"labelId\":21,\"costTime\":359,\"defaultAnswer\":\"ACD\"},{\"answer\":\"\",\"questionId\":23,\"labelId\":21,\"costTime\":990,\"defaultAnswer\":\"F\"},{\"answer\":\"\",\"questionId\":24,\"labelId\":22,\"costTime\":695,\"defaultAnswer\":\"B\"},{\"answer\":\"\",\"questionId\":25,\"labelId\":4,\"costTime\":786,\"defaultAnswer\":\"ABC\"}]','2022-02-24 18:51:19'),(12,'18664397582','[{\"answer\":\"T\",\"questionId\":7,\"labelId\":19,\"costTime\":3493,\"defaultAnswer\":\"T\"},{\"answer\":\"\",\"questionId\":8,\"labelId\":22,\"costTime\":808,\"defaultAnswer\":\"B\"},{\"answer\":\"\",\"questionId\":9,\"labelId\":4,\"costTime\":1074,\"defaultAnswer\":\"ABCD\"},{\"answer\":\"\",\"questionId\":10,\"labelId\":21,\"costTime\":723,\"defaultAnswer\":\"ACD\"},{\"answer\":\"\",\"questionId\":11,\"labelId\":19,\"costTime\":320,\"defaultAnswer\":\"T\"},{\"answer\":\"\",\"questionId\":12,\"labelId\":22,\"costTime\":213,\"defaultAnswer\":\"B\"},{\"answer\":\"\",\"questionId\":13,\"labelId\":4,\"costTime\":330,\"defaultAnswer\":\"ABCD\"},{\"answer\":\"\",\"questionId\":14,\"labelId\":21,\"costTime\":212,\"defaultAnswer\":\"ACD\"},{\"answer\":\"\",\"questionId\":15,\"labelId\":19,\"costTime\":259,\"defaultAnswer\":\"T\"},{\"answer\":\"\",\"questionId\":16,\"labelId\":22,\"costTime\":158,\"defaultAnswer\":\"B\"},{\"answer\":\"\",\"questionId\":17,\"labelId\":4,\"costTime\":366,\"defaultAnswer\":\"ABCD\"},{\"answer\":\"\",\"questionId\":18,\"labelId\":21,\"costTime\":162,\"defaultAnswer\":\"ACD\"},{\"answer\":\"\",\"questionId\":19,\"labelId\":19,\"costTime\":161,\"defaultAnswer\":\"T\"},{\"answer\":\"\",\"questionId\":20,\"labelId\":22,\"costTime\":155,\"defaultAnswer\":\"B\"},{\"answer\":\"\",\"questionId\":21,\"labelId\":4,\"costTime\":168,\"defaultAnswer\":\"ABCD\"},{\"answer\":\"\",\"questionId\":22,\"labelId\":21,\"costTime\":179,\"defaultAnswer\":\"ACD\"},{\"answer\":\"\",\"questionId\":23,\"labelId\":21,\"costTime\":1063,\"defaultAnswer\":\"F\"},{\"answer\":\"\",\"questionId\":24,\"labelId\":22,\"costTime\":777,\"defaultAnswer\":\"B\"},{\"answer\":\"\",\"questionId\":25,\"labelId\":4,\"costTime\":676,\"defaultAnswer\":\"ABC\"}]','2022-02-24 18:53:58'),(13,'18664397582','[{\"answer\":\"\",\"questionId\":7,\"labelId\":19,\"costTime\":948,\"defaultAnswer\":\"T\"},{\"answer\":\"\",\"questionId\":8,\"labelId\":22,\"costTime\":728,\"defaultAnswer\":\"B\"},{\"answer\":\"\",\"questionId\":9,\"labelId\":4,\"costTime\":753,\"defaultAnswer\":\"ABCD\"},{\"answer\":\"\",\"questionId\":10,\"labelId\":21,\"costTime\":932,\"defaultAnswer\":\"ACD\"},{\"answer\":\"\",\"questionId\":11,\"labelId\":19,\"costTime\":125,\"defaultAnswer\":\"T\"},{\"answer\":\"\",\"questionId\":12,\"labelId\":22,\"costTime\":140,\"defaultAnswer\":\"B\"},{\"answer\":\"\",\"questionId\":13,\"labelId\":4,\"costTime\":148,\"defaultAnswer\":\"ABCD\"},{\"answer\":\"\",\"questionId\":14,\"labelId\":21,\"costTime\":159,\"defaultAnswer\":\"ACD\"},{\"answer\":\"\",\"questionId\":15,\"labelId\":19,\"costTime\":139,\"defaultAnswer\":\"T\"},{\"answer\":\"\",\"questionId\":16,\"labelId\":22,\"costTime\":151,\"defaultAnswer\":\"B\"},{\"answer\":\"\",\"questionId\":17,\"labelId\":4,\"costTime\":147,\"defaultAnswer\":\"ABCD\"},{\"answer\":\"\",\"questionId\":18,\"labelId\":21,\"costTime\":151,\"defaultAnswer\":\"ACD\"},{\"answer\":\"\",\"questionId\":19,\"labelId\":19,\"costTime\":188,\"defaultAnswer\":\"T\"},{\"answer\":\"\",\"questionId\":20,\"labelId\":22,\"costTime\":479,\"defaultAnswer\":\"B\"},{\"answer\":\"\",\"questionId\":21,\"labelId\":4,\"costTime\":404,\"defaultAnswer\":\"ABCD\"},{\"answer\":\"\",\"questionId\":22,\"labelId\":21,\"costTime\":338,\"defaultAnswer\":\"ACD\"},{\"answer\":\"\",\"questionId\":23,\"labelId\":21,\"costTime\":990,\"defaultAnswer\":\"F\"},{\"answer\":\"\",\"questionId\":24,\"labelId\":22,\"costTime\":699,\"defaultAnswer\":\"B\"},{\"answer\":\"\",\"questionId\":25,\"labelId\":4,\"costTime\":407,\"defaultAnswer\":\"ABC\"}]','2022-02-24 18:56:12'),(14,'18664397582','[{\"answer\":\"T\",\"questionId\":7,\"labelId\":19,\"costTime\":5902,\"defaultAnswer\":\"T\"},{\"answer\":\"A\",\"questionId\":8,\"labelId\":22,\"costTime\":2660,\"defaultAnswer\":\"B\"},{\"answer\":\"D\",\"questionId\":9,\"labelId\":4,\"costTime\":3867,\"defaultAnswer\":\"ABCD\"},{\"answer\":\"\",\"questionId\":10,\"labelId\":21,\"costTime\":192,\"defaultAnswer\":\"ACD\"},{\"answer\":\"\",\"questionId\":11,\"labelId\":19,\"costTime\":1282,\"defaultAnswer\":\"T\"},{\"answer\":\"\",\"questionId\":12,\"labelId\":22,\"costTime\":157,\"defaultAnswer\":\"B\"},{\"answer\":\"\",\"questionId\":13,\"labelId\":4,\"costTime\":140,\"defaultAnswer\":\"ABCD\"},{\"answer\":\"\",\"questionId\":14,\"labelId\":21,\"costTime\":139,\"defaultAnswer\":\"ACD\"},{\"answer\":\"\",\"questionId\":15,\"labelId\":19,\"costTime\":144,\"defaultAnswer\":\"T\"},{\"answer\":\"\",\"questionId\":16,\"labelId\":22,\"costTime\":144,\"defaultAnswer\":\"B\"},{\"answer\":\"\",\"questionId\":17,\"labelId\":4,\"costTime\":135,\"defaultAnswer\":\"ABCD\"},{\"answer\":\"\",\"questionId\":18,\"labelId\":21,\"costTime\":147,\"defaultAnswer\":\"ACD\"},{\"answer\":\"\",\"questionId\":19,\"labelId\":19,\"costTime\":177,\"defaultAnswer\":\"T\"},{\"answer\":\"\",\"questionId\":20,\"labelId\":22,\"costTime\":171,\"defaultAnswer\":\"B\"},{\"answer\":\"\",\"questionId\":21,\"labelId\":4,\"costTime\":152,\"defaultAnswer\":\"ABCD\"},{\"answer\":\"\",\"questionId\":22,\"labelId\":21,\"costTime\":154,\"defaultAnswer\":\"ACD\"},{\"answer\":\"\",\"questionId\":23,\"labelId\":21,\"costTime\":988,\"defaultAnswer\":\"F\"},{\"answer\":\"D\",\"questionId\":24,\"labelId\":22,\"costTime\":2329,\"defaultAnswer\":\"B\"},{\"answer\":\"\",\"questionId\":25,\"labelId\":4,\"costTime\":166,\"defaultAnswer\":\"ABC\"}]','2022-02-24 19:05:48'),(15,'18664397582','[{\"answer\":\"T\",\"questionId\":7,\"labelId\":19,\"costTime\":7602,\"defaultAnswer\":\"T\"},{\"answer\":\"A\",\"questionId\":8,\"labelId\":22,\"costTime\":4311,\"defaultAnswer\":\"B\"},{\"answer\":\"\",\"questionId\":9,\"labelId\":4,\"costTime\":2308,\"defaultAnswer\":\"ABCD\"},{\"answer\":\"\",\"questionId\":10,\"labelId\":21,\"costTime\":459,\"defaultAnswer\":\"ACD\"},{\"answer\":\"\",\"questionId\":11,\"labelId\":19,\"costTime\":1175,\"defaultAnswer\":\"T\"},{\"answer\":\"\",\"questionId\":12,\"labelId\":22,\"costTime\":155,\"defaultAnswer\":\"B\"},{\"answer\":\"\",\"questionId\":13,\"labelId\":4,\"costTime\":184,\"defaultAnswer\":\"ABCD\"},{\"answer\":\"\",\"questionId\":14,\"labelId\":21,\"costTime\":197,\"defaultAnswer\":\"ACD\"},{\"answer\":\"\",\"questionId\":15,\"labelId\":19,\"costTime\":177,\"defaultAnswer\":\"T\"},{\"answer\":\"\",\"questionId\":16,\"labelId\":22,\"costTime\":164,\"defaultAnswer\":\"B\"},{\"answer\":\"\",\"questionId\":17,\"labelId\":4,\"costTime\":189,\"defaultAnswer\":\"ABCD\"},{\"answer\":\"\",\"questionId\":18,\"labelId\":21,\"costTime\":182,\"defaultAnswer\":\"ACD\"},{\"answer\":\"\",\"questionId\":19,\"labelId\":19,\"costTime\":183,\"defaultAnswer\":\"T\"},{\"answer\":\"\",\"questionId\":20,\"labelId\":22,\"costTime\":183,\"defaultAnswer\":\"B\"},{\"answer\":\"\",\"questionId\":21,\"labelId\":4,\"costTime\":596,\"defaultAnswer\":\"ABCD\"},{\"answer\":\"\",\"questionId\":22,\"labelId\":21,\"costTime\":192,\"defaultAnswer\":\"ACD\"},{\"answer\":\"\",\"questionId\":23,\"labelId\":21,\"costTime\":1421,\"defaultAnswer\":\"F\"},{\"answer\":\"\",\"questionId\":24,\"labelId\":22,\"costTime\":782,\"defaultAnswer\":\"B\"},{\"answer\":\"\",\"questionId\":25,\"labelId\":4,\"costTime\":446,\"defaultAnswer\":\"ABC\"}]','2022-02-25 21:02:41'),(16,'18664397582','[{\"answer\":\"T\",\"questionId\":7,\"labelId\":19,\"costTime\":7309,\"defaultAnswer\":\"T\"},{\"answer\":\"A\",\"questionId\":8,\"labelId\":22,\"costTime\":5986,\"defaultAnswer\":\"B\"},{\"answer\":\"A\",\"questionId\":9,\"labelId\":4,\"costTime\":5788,\"defaultAnswer\":\"ABCD\"},{\"answer\":\"\",\"questionId\":10,\"labelId\":21,\"costTime\":803,\"defaultAnswer\":\"ACD\"},{\"answer\":\"\",\"questionId\":11,\"labelId\":19,\"costTime\":579,\"defaultAnswer\":\"T\"},{\"answer\":\"\",\"questionId\":12,\"labelId\":22,\"costTime\":170,\"defaultAnswer\":\"B\"},{\"answer\":\"\",\"questionId\":13,\"labelId\":4,\"costTime\":923,\"defaultAnswer\":\"ABCD\"},{\"answer\":\"\",\"questionId\":14,\"labelId\":21,\"costTime\":139,\"defaultAnswer\":\"ACD\"},{\"answer\":\"\",\"questionId\":15,\"labelId\":19,\"costTime\":139,\"defaultAnswer\":\"T\"},{\"answer\":\"\",\"questionId\":16,\"labelId\":22,\"costTime\":152,\"defaultAnswer\":\"B\"},{\"answer\":\"\",\"questionId\":17,\"labelId\":4,\"costTime\":157,\"defaultAnswer\":\"ABCD\"},{\"answer\":\"\",\"questionId\":18,\"labelId\":21,\"costTime\":199,\"defaultAnswer\":\"ACD\"},{\"answer\":\"\",\"questionId\":19,\"labelId\":19,\"costTime\":403,\"defaultAnswer\":\"T\"},{\"answer\":\"\",\"questionId\":20,\"labelId\":22,\"costTime\":382,\"defaultAnswer\":\"B\"},{\"answer\":\"\",\"questionId\":21,\"labelId\":4,\"costTime\":442,\"defaultAnswer\":\"ABCD\"},{\"answer\":\"\",\"questionId\":22,\"labelId\":21,\"costTime\":2826,\"defaultAnswer\":\"ACD\"},{\"answer\":\"\",\"questionId\":23,\"labelId\":21,\"costTime\":1357,\"defaultAnswer\":\"F\"},{\"answer\":\"\",\"questionId\":24,\"labelId\":22,\"costTime\":1372,\"defaultAnswer\":\"B\"},{\"answer\":\"\",\"questionId\":25,\"labelId\":4,\"costTime\":531,\"defaultAnswer\":\"ABC\"}]','2022-02-27 16:11:33'),(17,'18664397582','[{\"answer\":\"\",\"questionId\":7,\"labelId\":19,\"costTime\":1558,\"defaultAnswer\":\"T\"},{\"answer\":\"A\",\"questionId\":8,\"labelId\":22,\"costTime\":1631,\"defaultAnswer\":\"B\"},{\"answer\":\"\",\"questionId\":9,\"labelId\":4,\"costTime\":849,\"defaultAnswer\":\"ABCD\"},{\"answer\":\"\",\"questionId\":10,\"labelId\":21,\"costTime\":229,\"defaultAnswer\":\"ACD\"},{\"answer\":\"\",\"questionId\":11,\"labelId\":19,\"costTime\":190,\"defaultAnswer\":\"T\"},{\"answer\":\"\",\"questionId\":12,\"labelId\":22,\"costTime\":165,\"defaultAnswer\":\"B\"},{\"answer\":\"\",\"questionId\":13,\"labelId\":4,\"costTime\":442,\"defaultAnswer\":\"ABCD\"},{\"answer\":\"\",\"questionId\":14,\"labelId\":21,\"costTime\":164,\"defaultAnswer\":\"ACD\"},{\"answer\":\"\",\"questionId\":15,\"labelId\":19,\"costTime\":294,\"defaultAnswer\":\"T\"},{\"answer\":\"\",\"questionId\":16,\"labelId\":22,\"costTime\":694,\"defaultAnswer\":\"B\"},{\"answer\":\"\",\"questionId\":17,\"labelId\":4,\"costTime\":286,\"defaultAnswer\":\"ABCD\"},{\"answer\":\"\",\"questionId\":18,\"labelId\":21,\"costTime\":351,\"defaultAnswer\":\"ACD\"},{\"answer\":\"\",\"questionId\":19,\"labelId\":19,\"costTime\":244,\"defaultAnswer\":\"T\"},{\"answer\":\"\",\"questionId\":20,\"labelId\":22,\"costTime\":175,\"defaultAnswer\":\"B\"},{\"answer\":\"\",\"questionId\":21,\"labelId\":4,\"costTime\":330,\"defaultAnswer\":\"ABCD\"},{\"answer\":\"\",\"questionId\":22,\"labelId\":21,\"costTime\":329,\"defaultAnswer\":\"ACD\"},{\"answer\":\"\",\"questionId\":23,\"labelId\":21,\"costTime\":1525,\"defaultAnswer\":\"F\"},{\"answer\":\"D\",\"questionId\":24,\"labelId\":22,\"costTime\":1263,\"defaultAnswer\":\"B\"},{\"answer\":\"\",\"questionId\":25,\"labelId\":4,\"costTime\":307,\"defaultAnswer\":\"ABC\"}]','2022-02-27 16:13:04'),(18,'18664397582','[{\"answer\":\"A\",\"questionId\":37,\"labelId\":22,\"costTime\":3997,\"defaultAnswer\":\"B\"},{\"answer\":\"\",\"questionId\":61,\"labelId\":19,\"costTime\":926,\"defaultAnswer\":\"T\"},{\"answer\":\"T\",\"questionId\":60,\"labelId\":19,\"costTime\":2247,\"defaultAnswer\":\"T\"},{\"answer\":\"\",\"questionId\":59,\"labelId\":19,\"costTime\":771,\"defaultAnswer\":\"T\"},{\"answer\":\"\",\"questionId\":58,\"labelId\":19,\"costTime\":816,\"defaultAnswer\":\"T\"},{\"answer\":\"\",\"questionId\":57,\"labelId\":19,\"costTime\":146,\"defaultAnswer\":\"T\"},{\"answer\":\"\",\"questionId\":56,\"labelId\":19,\"costTime\":134,\"defaultAnswer\":\"T\"},{\"answer\":\"\",\"questionId\":55,\"labelId\":19,\"costTime\":150,\"defaultAnswer\":\"T\"},{\"answer\":\"\",\"questionId\":54,\"labelId\":19,\"costTime\":131,\"defaultAnswer\":\"T\"},{\"answer\":\"\",\"questionId\":53,\"labelId\":19,\"costTime\":155,\"defaultAnswer\":\"T\"},{\"answer\":\"\",\"questionId\":52,\"labelId\":19,\"costTime\":149,\"defaultAnswer\":\"T\"},{\"answer\":\"\",\"questionId\":51,\"labelId\":19,\"costTime\":141,\"defaultAnswer\":\"T\"},{\"answer\":\"\",\"questionId\":50,\"labelId\":19,\"costTime\":150,\"defaultAnswer\":\"T\"},{\"answer\":\"\",\"questionId\":49,\"labelId\":19,\"costTime\":142,\"defaultAnswer\":\"T\"},{\"answer\":\"\",\"questionId\":48,\"labelId\":19,\"costTime\":148,\"defaultAnswer\":\"T\"},{\"answer\":\"\",\"questionId\":47,\"labelId\":19,\"costTime\":150,\"defaultAnswer\":\"T\"},{\"answer\":\"\",\"questionId\":46,\"labelId\":19,\"costTime\":148,\"defaultAnswer\":\"T\"},{\"answer\":\"\",\"questionId\":45,\"labelId\":19,\"costTime\":149,\"defaultAnswer\":\"T\"},{\"answer\":\"\",\"questionId\":44,\"labelId\":19,\"costTime\":156,\"defaultAnswer\":\"T\"}]','2022-02-27 16:23:24'),(19,'18664397582','[{\"answer\":\"A\",\"questionId\":37,\"labelId\":22,\"costTime\":6998,\"defaultAnswer\":\"B\"},{\"answer\":\"T\",\"questionId\":61,\"labelId\":19,\"costTime\":21322,\"defaultAnswer\":\"T\"},{\"answer\":\"T\",\"questionId\":60,\"labelId\":19,\"costTime\":27710,\"defaultAnswer\":\"T\"},{\"answer\":\"T\",\"questionId\":59,\"labelId\":19,\"costTime\":8414,\"defaultAnswer\":\"T\"},{\"answer\":\"T\",\"questionId\":58,\"labelId\":19,\"costTime\":4076,\"defaultAnswer\":\"T\"},{\"answer\":\"T\",\"questionId\":57,\"labelId\":19,\"costTime\":3446,\"defaultAnswer\":\"T\"},{\"answer\":\"T\",\"questionId\":56,\"labelId\":19,\"costTime\":4098,\"defaultAnswer\":\"T\"},{\"answer\":\"T\",\"questionId\":55,\"labelId\":19,\"costTime\":3276,\"defaultAnswer\":\"T\"},{\"answer\":\"T\",\"questionId\":54,\"labelId\":19,\"costTime\":3304,\"defaultAnswer\":\"T\"},{\"answer\":\"T\",\"questionId\":53,\"labelId\":19,\"costTime\":3741,\"defaultAnswer\":\"T\"},{\"answer\":\"T\",\"questionId\":52,\"labelId\":19,\"costTime\":3120,\"defaultAnswer\":\"T\"},{\"answer\":\"T\",\"questionId\":51,\"labelId\":19,\"costTime\":3269,\"defaultAnswer\":\"T\"},{\"answer\":\"\",\"questionId\":50,\"labelId\":19,\"costTime\":383,\"defaultAnswer\":\"T\"},{\"answer\":\"\",\"questionId\":49,\"labelId\":19,\"costTime\":174,\"defaultAnswer\":\"T\"},{\"answer\":\"\",\"questionId\":48,\"labelId\":19,\"costTime\":174,\"defaultAnswer\":\"T\"},{\"answer\":\"\",\"questionId\":47,\"labelId\":19,\"costTime\":147,\"defaultAnswer\":\"T\"},{\"answer\":\"\",\"questionId\":46,\"labelId\":19,\"costTime\":148,\"defaultAnswer\":\"T\"},{\"answer\":\"\",\"questionId\":45,\"labelId\":19,\"costTime\":139,\"defaultAnswer\":\"T\"},{\"answer\":\"\",\"questionId\":44,\"labelId\":19,\"costTime\":308,\"defaultAnswer\":\"T\"}]','2022-02-27 16:31:59'),(20,'18664397582','[{\"answer\":\"\",\"questionId\":37,\"labelId\":22,\"costTime\":1798,\"defaultAnswer\":\"B\"},{\"answer\":\"\",\"questionId\":61,\"labelId\":19,\"costTime\":1440,\"defaultAnswer\":\"T\"},{\"answer\":\"\",\"questionId\":60,\"labelId\":19,\"costTime\":1024,\"defaultAnswer\":\"T\"},{\"answer\":\"\",\"questionId\":59,\"labelId\":19,\"costTime\":1308,\"defaultAnswer\":\"T\"},{\"answer\":\"\",\"questionId\":58,\"labelId\":19,\"costTime\":465,\"defaultAnswer\":\"T\"},{\"answer\":\"\",\"questionId\":57,\"labelId\":19,\"costTime\":431,\"defaultAnswer\":\"T\"},{\"answer\":\"\",\"questionId\":56,\"labelId\":19,\"costTime\":184,\"defaultAnswer\":\"T\"},{\"answer\":\"\",\"questionId\":55,\"labelId\":19,\"costTime\":140,\"defaultAnswer\":\"T\"},{\"answer\":\"\",\"questionId\":54,\"labelId\":19,\"costTime\":156,\"defaultAnswer\":\"T\"},{\"answer\":\"\",\"questionId\":53,\"labelId\":19,\"costTime\":143,\"defaultAnswer\":\"T\"},{\"answer\":\"\",\"questionId\":52,\"labelId\":19,\"costTime\":156,\"defaultAnswer\":\"T\"},{\"answer\":\"\",\"questionId\":51,\"labelId\":19,\"costTime\":122,\"defaultAnswer\":\"T\"},{\"answer\":\"\",\"questionId\":50,\"labelId\":19,\"costTime\":165,\"defaultAnswer\":\"T\"},{\"answer\":\"\",\"questionId\":49,\"labelId\":19,\"costTime\":150,\"defaultAnswer\":\"T\"},{\"answer\":\"\",\"questionId\":48,\"labelId\":19,\"costTime\":166,\"defaultAnswer\":\"T\"},{\"answer\":\"\",\"questionId\":47,\"labelId\":19,\"costTime\":148,\"defaultAnswer\":\"T\"},{\"answer\":\"\",\"questionId\":46,\"labelId\":19,\"costTime\":151,\"defaultAnswer\":\"T\"},{\"answer\":\"\",\"questionId\":45,\"labelId\":19,\"costTime\":175,\"defaultAnswer\":\"T\"},{\"answer\":\"\",\"questionId\":44,\"labelId\":19,\"costTime\":147,\"defaultAnswer\":\"T\"}]','2022-02-27 16:32:58'),(21,'18664397582','[{\"answer\":\"A\",\"questionId\":37,\"labelId\":22,\"costTime\":4356,\"defaultAnswer\":\"B\"},{\"answer\":\"T\",\"questionId\":61,\"labelId\":19,\"costTime\":3189,\"defaultAnswer\":\"T\"},{\"answer\":\"T\",\"questionId\":60,\"labelId\":19,\"costTime\":3211,\"defaultAnswer\":\"T\"},{\"answer\":\"T\",\"questionId\":59,\"labelId\":19,\"costTime\":2482,\"defaultAnswer\":\"T\"},{\"answer\":\"T\",\"questionId\":58,\"labelId\":19,\"costTime\":2555,\"defaultAnswer\":\"T\"},{\"answer\":\"T\",\"questionId\":57,\"labelId\":19,\"costTime\":3901,\"defaultAnswer\":\"T\"},{\"answer\":\"\",\"questionId\":56,\"labelId\":19,\"costTime\":140,\"defaultAnswer\":\"T\"},{\"answer\":\"\",\"questionId\":55,\"labelId\":19,\"costTime\":148,\"defaultAnswer\":\"T\"},{\"answer\":\"\",\"questionId\":54,\"labelId\":19,\"costTime\":132,\"defaultAnswer\":\"T\"},{\"answer\":\"\",\"questionId\":53,\"labelId\":19,\"costTime\":142,\"defaultAnswer\":\"T\"},{\"answer\":\"\",\"questionId\":52,\"labelId\":19,\"costTime\":557,\"defaultAnswer\":\"T\"},{\"answer\":\"\",\"questionId\":51,\"labelId\":19,\"costTime\":156,\"defaultAnswer\":\"T\"},{\"answer\":\"\",\"questionId\":50,\"labelId\":19,\"costTime\":149,\"defaultAnswer\":\"T\"},{\"answer\":\"\",\"questionId\":49,\"labelId\":19,\"costTime\":133,\"defaultAnswer\":\"T\"},{\"answer\":\"\",\"questionId\":48,\"labelId\":19,\"costTime\":153,\"defaultAnswer\":\"T\"},{\"answer\":\"\",\"questionId\":47,\"labelId\":19,\"costTime\":182,\"defaultAnswer\":\"T\"},{\"answer\":\"\",\"questionId\":46,\"labelId\":19,\"costTime\":113,\"defaultAnswer\":\"T\"},{\"answer\":\"\",\"questionId\":45,\"labelId\":19,\"costTime\":147,\"defaultAnswer\":\"T\"},{\"answer\":\"\",\"questionId\":44,\"labelId\":19,\"costTime\":140,\"defaultAnswer\":\"T\"}]','2022-02-27 16:35:04'),(22,'18664397582','[{\"answer\":\"A\",\"questionId\":37,\"labelId\":22,\"costTime\":3466,\"defaultAnswer\":\"B\"},{\"answer\":\"T\",\"questionId\":61,\"labelId\":19,\"costTime\":4048,\"defaultAnswer\":\"T\"},{\"answer\":\"T\",\"questionId\":60,\"labelId\":19,\"costTime\":2429,\"defaultAnswer\":\"T\"},{\"answer\":\"T\",\"questionId\":59,\"labelId\":19,\"costTime\":2785,\"defaultAnswer\":\"T\"},{\"answer\":\"T\",\"questionId\":58,\"labelId\":19,\"costTime\":2153,\"defaultAnswer\":\"T\"},{\"answer\":\"T\",\"questionId\":57,\"labelId\":19,\"costTime\":2181,\"defaultAnswer\":\"T\"},{\"answer\":\"T\",\"questionId\":56,\"labelId\":19,\"costTime\":2034,\"defaultAnswer\":\"T\"},{\"answer\":\"T\",\"questionId\":55,\"labelId\":19,\"costTime\":2181,\"defaultAnswer\":\"T\"},{\"answer\":\"T\",\"questionId\":54,\"labelId\":19,\"costTime\":2090,\"defaultAnswer\":\"T\"},{\"answer\":\"T\",\"questionId\":53,\"labelId\":19,\"costTime\":2016,\"defaultAnswer\":\"T\"},{\"answer\":\"T\",\"questionId\":52,\"labelId\":19,\"costTime\":2096,\"defaultAnswer\":\"T\"},{\"answer\":\"T\",\"questionId\":51,\"labelId\":19,\"costTime\":1962,\"defaultAnswer\":\"T\"},{\"answer\":\"T\",\"questionId\":50,\"labelId\":19,\"costTime\":2139,\"defaultAnswer\":\"T\"},{\"answer\":\"T\",\"questionId\":49,\"labelId\":19,\"costTime\":1994,\"defaultAnswer\":\"T\"},{\"answer\":\"T\",\"questionId\":48,\"labelId\":19,\"costTime\":2109,\"defaultAnswer\":\"T\"},{\"answer\":\"T\",\"questionId\":47,\"labelId\":19,\"costTime\":2190,\"defaultAnswer\":\"T\"},{\"answer\":\"T\",\"questionId\":46,\"labelId\":19,\"costTime\":2622,\"defaultAnswer\":\"T\"},{\"answer\":\"T\",\"questionId\":45,\"labelId\":19,\"costTime\":2062,\"defaultAnswer\":\"T\"},{\"answer\":\"T\",\"questionId\":44,\"labelId\":19,\"costTime\":2646,\"defaultAnswer\":\"T\"},{\"answer\":\"T\",\"questionId\":43,\"labelId\":19,\"costTime\":3949,\"defaultAnswer\":\"T\"}]','2022-02-27 16:46:13'),(23,'18664397582','[{\"answer\":\"A\",\"questionId\":37,\"labelId\":22,\"costTime\":4722,\"defaultAnswer\":\"B\"},{\"answer\":\"T\",\"questionId\":61,\"labelId\":19,\"costTime\":3067,\"defaultAnswer\":\"T\"},{\"answer\":\"T\",\"questionId\":60,\"labelId\":19,\"costTime\":2724,\"defaultAnswer\":\"T\"},{\"answer\":\"T\",\"questionId\":59,\"labelId\":19,\"costTime\":2949,\"defaultAnswer\":\"T\"},{\"answer\":\"T\",\"questionId\":58,\"labelId\":19,\"costTime\":2464,\"defaultAnswer\":\"T\"},{\"answer\":\"T\",\"questionId\":57,\"labelId\":19,\"costTime\":2466,\"defaultAnswer\":\"T\"},{\"answer\":\"T\",\"questionId\":56,\"labelId\":19,\"costTime\":2517,\"defaultAnswer\":\"T\"},{\"answer\":\"T\",\"questionId\":55,\"labelId\":19,\"costTime\":2432,\"defaultAnswer\":\"T\"},{\"answer\":\"T\",\"questionId\":54,\"labelId\":19,\"costTime\":2545,\"defaultAnswer\":\"T\"},{\"answer\":\"T\",\"questionId\":53,\"labelId\":19,\"costTime\":2693,\"defaultAnswer\":\"T\"},{\"answer\":\"T\",\"questionId\":52,\"labelId\":19,\"costTime\":2991,\"defaultAnswer\":\"T\"},{\"answer\":\"T\",\"questionId\":51,\"labelId\":19,\"costTime\":3149,\"defaultAnswer\":\"T\"},{\"answer\":\"T\",\"questionId\":50,\"labelId\":19,\"costTime\":6070,\"defaultAnswer\":\"T\"},{\"answer\":\"T\",\"questionId\":49,\"labelId\":19,\"costTime\":2576,\"defaultAnswer\":\"T\"},{\"answer\":\"T\",\"questionId\":48,\"labelId\":19,\"costTime\":2366,\"defaultAnswer\":\"T\"},{\"answer\":\"T\",\"questionId\":47,\"labelId\":19,\"costTime\":2266,\"defaultAnswer\":\"T\"},{\"answer\":\"T\",\"questionId\":46,\"labelId\":19,\"costTime\":2786,\"defaultAnswer\":\"T\"},{\"answer\":\"T\",\"questionId\":45,\"labelId\":19,\"costTime\":2730,\"defaultAnswer\":\"T\"},{\"answer\":\"T\",\"questionId\":44,\"labelId\":19,\"costTime\":2717,\"defaultAnswer\":\"T\"},{\"answer\":\"T\",\"questionId\":43,\"labelId\":19,\"costTime\":849,\"defaultAnswer\":\"T\"}]','2022-02-28 14:32:54'),(24,'18664397582','[{\"answer\":\"A\",\"questionId\":37,\"labelId\":22,\"costTime\":4723,\"defaultAnswer\":\"B\"},{\"answer\":\"T\",\"questionId\":61,\"labelId\":19,\"costTime\":2700,\"defaultAnswer\":\"T\"},{\"answer\":\"T\",\"questionId\":60,\"labelId\":19,\"costTime\":2798,\"defaultAnswer\":\"T\"},{\"answer\":\"T\",\"questionId\":59,\"labelId\":19,\"costTime\":2638,\"defaultAnswer\":\"T\"},{\"answer\":\"\",\"questionId\":58,\"labelId\":19,\"costTime\":292,\"defaultAnswer\":\"T\"},{\"answer\":\"\",\"questionId\":57,\"labelId\":19,\"costTime\":163,\"defaultAnswer\":\"T\"},{\"answer\":\"\",\"questionId\":56,\"labelId\":19,\"costTime\":159,\"defaultAnswer\":\"T\"},{\"answer\":\"\",\"questionId\":55,\"labelId\":19,\"costTime\":131,\"defaultAnswer\":\"T\"},{\"answer\":\"\",\"questionId\":54,\"labelId\":19,\"costTime\":151,\"defaultAnswer\":\"T\"},{\"answer\":\"\",\"questionId\":53,\"labelId\":19,\"costTime\":146,\"defaultAnswer\":\"T\"},{\"answer\":\"\",\"questionId\":52,\"labelId\":19,\"costTime\":141,\"defaultAnswer\":\"T\"},{\"answer\":\"\",\"questionId\":51,\"labelId\":19,\"costTime\":141,\"defaultAnswer\":\"T\"},{\"answer\":\"\",\"questionId\":50,\"labelId\":19,\"costTime\":143,\"defaultAnswer\":\"T\"},{\"answer\":\"\",\"questionId\":49,\"labelId\":19,\"costTime\":149,\"defaultAnswer\":\"T\"},{\"answer\":\"\",\"questionId\":48,\"labelId\":19,\"costTime\":146,\"defaultAnswer\":\"T\"},{\"answer\":\"\",\"questionId\":47,\"labelId\":19,\"costTime\":148,\"defaultAnswer\":\"T\"},{\"answer\":\"\",\"questionId\":46,\"labelId\":19,\"costTime\":142,\"defaultAnswer\":\"T\"},{\"answer\":\"\",\"questionId\":45,\"labelId\":19,\"costTime\":158,\"defaultAnswer\":\"T\"},{\"answer\":\"\",\"questionId\":44,\"labelId\":19,\"costTime\":141,\"defaultAnswer\":\"T\"},{\"answer\":\"T\",\"questionId\":43,\"labelId\":19,\"costTime\":2352,\"defaultAnswer\":\"T\"}]','2022-03-01 10:48:05'),(25,'18664397582','[{\"answer\":\"T\",\"questionId\":66,\"labelId\":19,\"costTime\":5011,\"defaultAnswer\":\"T\"},{\"answer\":\"\",\"questionId\":65,\"labelId\":19,\"costTime\":399,\"defaultAnswer\":\"T\"},{\"answer\":\"\",\"questionId\":61,\"labelId\":19,\"costTime\":1175,\"defaultAnswer\":\"T\"},{\"answer\":\"T\",\"questionId\":60,\"labelId\":19,\"costTime\":4226,\"defaultAnswer\":\"T\"},{\"answer\":\"T\",\"questionId\":59,\"labelId\":19,\"costTime\":4359,\"defaultAnswer\":\"T\"},{\"answer\":\"\",\"questionId\":58,\"labelId\":19,\"costTime\":157,\"defaultAnswer\":\"T\"},{\"answer\":\"\",\"questionId\":57,\"labelId\":19,\"costTime\":156,\"defaultAnswer\":\"T\"},{\"answer\":\"\",\"questionId\":56,\"labelId\":19,\"costTime\":142,\"defaultAnswer\":\"T\"},{\"answer\":\"\",\"questionId\":55,\"labelId\":19,\"costTime\":140,\"defaultAnswer\":\"T\"},{\"answer\":\"\",\"questionId\":54,\"labelId\":19,\"costTime\":140,\"defaultAnswer\":\"T\"},{\"answer\":\"\",\"questionId\":53,\"labelId\":19,\"costTime\":132,\"defaultAnswer\":\"T\"},{\"answer\":\"\",\"questionId\":52,\"labelId\":19,\"costTime\":150,\"defaultAnswer\":\"T\"},{\"answer\":\"\",\"questionId\":51,\"labelId\":19,\"costTime\":133,\"defaultAnswer\":\"T\"},{\"answer\":\"\",\"questionId\":50,\"labelId\":19,\"costTime\":141,\"defaultAnswer\":\"T\"},{\"answer\":\"\",\"questionId\":49,\"labelId\":19,\"costTime\":141,\"defaultAnswer\":\"T\"},{\"answer\":\"\",\"questionId\":48,\"labelId\":19,\"costTime\":147,\"defaultAnswer\":\"T\"},{\"answer\":\"\",\"questionId\":47,\"labelId\":19,\"costTime\":148,\"defaultAnswer\":\"T\"},{\"answer\":\"\",\"questionId\":46,\"labelId\":19,\"costTime\":141,\"defaultAnswer\":\"T\"},{\"answer\":\"\",\"questionId\":45,\"labelId\":19,\"costTime\":152,\"defaultAnswer\":\"T\"}]','2022-03-05 16:29:33'),(26,'18664397582','[{\"answer\":\"T\",\"questionId\":66,\"labelId\":19,\"costTime\":57369,\"defaultAnswer\":\"T\"},{\"answer\":\"T\",\"questionId\":65,\"labelId\":19,\"costTime\":2881,\"defaultAnswer\":\"T\"},{\"answer\":\"T\",\"questionId\":61,\"labelId\":19,\"costTime\":3989,\"defaultAnswer\":\"T\"},{\"answer\":\"T\",\"questionId\":60,\"labelId\":19,\"costTime\":3481,\"defaultAnswer\":\"T\"},{\"answer\":\"T\",\"questionId\":59,\"labelId\":19,\"costTime\":3976,\"defaultAnswer\":\"T\"},{\"answer\":\"T\",\"questionId\":58,\"labelId\":19,\"costTime\":28910,\"defaultAnswer\":\"T\"},{\"answer\":\"T\",\"questionId\":57,\"labelId\":19,\"costTime\":2548,\"defaultAnswer\":\"T\"},{\"answer\":\"T\",\"questionId\":56,\"labelId\":19,\"costTime\":3355,\"defaultAnswer\":\"T\"},{\"answer\":\"T\",\"questionId\":55,\"labelId\":19,\"costTime\":3138,\"defaultAnswer\":\"T\"},{\"answer\":\"T\",\"questionId\":54,\"labelId\":19,\"costTime\":9044,\"defaultAnswer\":\"T\"},{\"answer\":\"T\",\"questionId\":53,\"labelId\":19,\"costTime\":9914,\"defaultAnswer\":\"T\"},{\"answer\":\"T\",\"questionId\":52,\"labelId\":19,\"costTime\":2835,\"defaultAnswer\":\"T\"},{\"answer\":\"\",\"questionId\":51,\"labelId\":19,\"costTime\":4929,\"defaultAnswer\":\"T\"},{\"answer\":\"\",\"questionId\":50,\"labelId\":19,\"costTime\":1286,\"defaultAnswer\":\"T\"},{\"answer\":\"\",\"questionId\":49,\"labelId\":19,\"costTime\":510,\"defaultAnswer\":\"T\"},{\"answer\":\"\",\"questionId\":48,\"labelId\":19,\"costTime\":2302,\"defaultAnswer\":\"T\"},{\"answer\":\"\",\"questionId\":47,\"labelId\":19,\"costTime\":558,\"defaultAnswer\":\"T\"},{\"answer\":\"T\",\"questionId\":46,\"labelId\":19,\"costTime\":3100,\"defaultAnswer\":\"T\"},{\"answer\":\"T\",\"questionId\":45,\"labelId\":19,\"costTime\":2964,\"defaultAnswer\":\"T\"},{\"answer\":\"T\",\"questionId\":44,\"labelId\":19,\"costTime\":1389,\"defaultAnswer\":\"T\"}]','2022-03-05 18:14:36'),(27,'18664397582','[{\"answer\":\"T\",\"questionId\":65,\"labelId\":19,\"costTime\":7946,\"defaultAnswer\":\"T\"},{\"answer\":\"T\",\"questionId\":61,\"labelId\":19,\"costTime\":2791,\"defaultAnswer\":\"T\"},{\"answer\":\"T\",\"questionId\":60,\"labelId\":19,\"costTime\":2477,\"defaultAnswer\":\"T\"},{\"answer\":\"T\",\"questionId\":59,\"labelId\":19,\"costTime\":2418,\"defaultAnswer\":\"T\"},{\"answer\":\"\",\"questionId\":58,\"labelId\":19,\"costTime\":170,\"defaultAnswer\":\"T\"},{\"answer\":\"\",\"questionId\":57,\"labelId\":19,\"costTime\":146,\"defaultAnswer\":\"T\"},{\"answer\":\"\",\"questionId\":56,\"labelId\":19,\"costTime\":133,\"defaultAnswer\":\"T\"},{\"answer\":\"\",\"questionId\":55,\"labelId\":19,\"costTime\":147,\"defaultAnswer\":\"T\"},{\"answer\":\"\",\"questionId\":54,\"labelId\":19,\"costTime\":134,\"defaultAnswer\":\"T\"},{\"answer\":\"\",\"questionId\":53,\"labelId\":19,\"costTime\":149,\"defaultAnswer\":\"T\"},{\"answer\":\"\",\"questionId\":52,\"labelId\":19,\"costTime\":141,\"defaultAnswer\":\"T\"},{\"answer\":\"\",\"questionId\":51,\"labelId\":19,\"costTime\":148,\"defaultAnswer\":\"T\"},{\"answer\":\"\",\"questionId\":50,\"labelId\":19,\"costTime\":150,\"defaultAnswer\":\"T\"},{\"answer\":\"\",\"questionId\":49,\"labelId\":19,\"costTime\":139,\"defaultAnswer\":\"T\"},{\"answer\":\"\",\"questionId\":48,\"labelId\":19,\"costTime\":149,\"defaultAnswer\":\"T\"},{\"answer\":\"\",\"questionId\":47,\"labelId\":19,\"costTime\":141,\"defaultAnswer\":\"T\"},{\"answer\":\"\",\"questionId\":46,\"labelId\":19,\"costTime\":142,\"defaultAnswer\":\"T\"},{\"answer\":\"\",\"questionId\":45,\"labelId\":19,\"costTime\":149,\"defaultAnswer\":\"T\"},{\"answer\":\"\",\"questionId\":44,\"labelId\":19,\"costTime\":147,\"defaultAnswer\":\"T\"}]','2022-03-06 14:01:30'),(28,'18664397582','[{\"answer\":\"T\",\"questionId\":65,\"labelId\":19,\"costTime\":34526,\"defaultAnswer\":\"T\"},{\"answer\":\"\",\"questionId\":61,\"labelId\":19,\"costTime\":1115,\"defaultAnswer\":\"T\"},{\"answer\":\"T\",\"questionId\":60,\"labelId\":19,\"costTime\":5865,\"defaultAnswer\":\"T\"},{\"answer\":\"T\",\"questionId\":59,\"labelId\":19,\"costTime\":4581,\"defaultAnswer\":\"T\"},{\"answer\":\"T\",\"questionId\":58,\"labelId\":19,\"costTime\":3816,\"defaultAnswer\":\"T\"},{\"answer\":\"T\",\"questionId\":57,\"labelId\":19,\"costTime\":2552,\"defaultAnswer\":\"T\"},{\"answer\":\"T\",\"questionId\":56,\"labelId\":19,\"costTime\":2694,\"defaultAnswer\":\"T\"},{\"answer\":\"T\",\"questionId\":55,\"labelId\":19,\"costTime\":3608,\"defaultAnswer\":\"T\"},{\"answer\":\"T\",\"questionId\":54,\"labelId\":19,\"costTime\":2577,\"defaultAnswer\":\"T\"},{\"answer\":\"T\",\"questionId\":53,\"labelId\":19,\"costTime\":2861,\"defaultAnswer\":\"T\"},{\"answer\":\"T\",\"questionId\":52,\"labelId\":19,\"costTime\":2579,\"defaultAnswer\":\"T\"},{\"answer\":\"T\",\"questionId\":51,\"labelId\":19,\"costTime\":3464,\"defaultAnswer\":\"T\"},{\"answer\":\"T\",\"questionId\":50,\"labelId\":19,\"costTime\":2481,\"defaultAnswer\":\"T\"},{\"answer\":\"T\",\"questionId\":49,\"labelId\":19,\"costTime\":2662,\"defaultAnswer\":\"T\"},{\"answer\":\"\",\"questionId\":48,\"labelId\":19,\"costTime\":171,\"defaultAnswer\":\"T\"},{\"answer\":\"\",\"questionId\":47,\"labelId\":19,\"costTime\":137,\"defaultAnswer\":\"T\"},{\"answer\":\"\",\"questionId\":46,\"labelId\":19,\"costTime\":144,\"defaultAnswer\":\"T\"},{\"answer\":\"\",\"questionId\":45,\"labelId\":19,\"costTime\":112,\"defaultAnswer\":\"T\"},{\"answer\":\"\",\"questionId\":44,\"labelId\":19,\"costTime\":128,\"defaultAnswer\":\"T\"}]','2022-03-06 14:04:38'),(31,'18664397582','[{\"answer\":\"T\",\"questionId\":129,\"labelId\":19,\"costTime\":5481,\"defaultAnswer\":\"T\"},{\"answer\":\"T\",\"questionId\":130,\"labelId\":19,\"costTime\":2848,\"defaultAnswer\":\"T\"},{\"answer\":\"T\",\"questionId\":131,\"labelId\":4,\"costTime\":1934,\"defaultAnswer\":\"T\"},{\"answer\":\"T\",\"questionId\":132,\"labelId\":23,\"costTime\":1560,\"defaultAnswer\":\"F\"},{\"answer\":\"T\",\"questionId\":133,\"labelId\":23,\"costTime\":1455,\"defaultAnswer\":\"T\"},{\"answer\":\"T\",\"questionId\":134,\"labelId\":23,\"costTime\":5918,\"defaultAnswer\":\"T\"},{\"answer\":\"A\",\"questionId\":135,\"labelId\":23,\"costTime\":2252,\"defaultAnswer\":\"B\"},{\"answer\":\"B\",\"questionId\":136,\"labelId\":19,\"costTime\":1917,\"defaultAnswer\":\"B\"},{\"answer\":\"B\",\"questionId\":137,\"labelId\":23,\"costTime\":1599,\"defaultAnswer\":\"ABCD\"},{\"answer\":\"A\",\"questionId\":138,\"labelId\":23,\"costTime\":1806,\"defaultAnswer\":\"A\"},{\"answer\":\"A\",\"questionId\":139,\"labelId\":21,\"costTime\":1848,\"defaultAnswer\":\"ABCD\"},{\"answer\":\"B\",\"questionId\":140,\"labelId\":21,\"costTime\":1732,\"defaultAnswer\":\"ABC\"},{\"answer\":\"A\",\"questionId\":141,\"labelId\":21,\"costTime\":1513,\"defaultAnswer\":\"CD\"},{\"answer\":\"A\",\"questionId\":142,\"labelId\":19,\"costTime\":1508,\"defaultAnswer\":\"ABC\"},{\"answer\":\"T\",\"questionId\":143,\"labelId\":19,\"costTime\":1932,\"defaultAnswer\":\"T\"},{\"answer\":\"A\",\"questionId\":144,\"labelId\":23,\"costTime\":2662,\"defaultAnswer\":\"D\"},{\"answer\":\"C\",\"questionId\":145,\"labelId\":22,\"costTime\":1956,\"defaultAnswer\":\"ABCD\"},{\"answer\":\"T\",\"questionId\":146,\"labelId\":23,\"costTime\":2257,\"defaultAnswer\":\"F\"},{\"answer\":\"C\",\"questionId\":147,\"labelId\":23,\"costTime\":2291,\"defaultAnswer\":\"D\"},{\"answer\":\"A\",\"questionId\":148,\"labelId\":23,\"costTime\":637,\"defaultAnswer\":\"C\"}]','2022-03-24 19:24:41'),(32,'18664397582','[{\"answer\":\"T\",\"questionId\":108,\"labelId\":19,\"costTime\":2869,\"defaultAnswer\":\"T\"},{\"answer\":\"T\",\"questionId\":109,\"labelId\":19,\"costTime\":1788,\"defaultAnswer\":\"T\"},{\"answer\":\"T\",\"questionId\":110,\"labelId\":4,\"costTime\":1533,\"defaultAnswer\":\"T\"},{\"answer\":\"T\",\"questionId\":111,\"labelId\":23,\"costTime\":1177,\"defaultAnswer\":\"F\"},{\"answer\":\"T\",\"questionId\":112,\"labelId\":23,\"costTime\":1158,\"defaultAnswer\":\"T\"},{\"answer\":\"T\",\"questionId\":113,\"labelId\":23,\"costTime\":1849,\"defaultAnswer\":\"T\"},{\"answer\":\"B\",\"questionId\":114,\"labelId\":23,\"costTime\":3189,\"defaultAnswer\":\"B\"},{\"answer\":\"C\",\"questionId\":115,\"labelId\":19,\"costTime\":4615,\"defaultAnswer\":\"B\"},{\"answer\":\"AB\",\"questionId\":116,\"labelId\":23,\"costTime\":2941,\"defaultAnswer\":\"ABCD\"},{\"answer\":\"B\",\"questionId\":117,\"labelId\":23,\"costTime\":3243,\"defaultAnswer\":\"A\"},{\"answer\":\"ABCD\",\"questionId\":118,\"labelId\":21,\"costTime\":8070,\"defaultAnswer\":\"ABCD\"},{\"answer\":\"B\",\"questionId\":119,\"labelId\":21,\"costTime\":2593,\"defaultAnswer\":\"ABC\"},{\"answer\":\"B\",\"questionId\":120,\"labelId\":21,\"costTime\":1698,\"defaultAnswer\":\"CD\"},{\"answer\":\"B\",\"questionId\":121,\"labelId\":19,\"costTime\":1817,\"defaultAnswer\":\"ABC\"},{\"answer\":\"T\",\"questionId\":122,\"labelId\":19,\"costTime\":1708,\"defaultAnswer\":\"T\"},{\"answer\":\"B\",\"questionId\":123,\"labelId\":23,\"costTime\":4139,\"defaultAnswer\":\"D\"},{\"answer\":\"AB\",\"questionId\":124,\"labelId\":22,\"costTime\":6040,\"defaultAnswer\":\"ABCD\"},{\"answer\":\"T\",\"questionId\":125,\"labelId\":23,\"costTime\":2233,\"defaultAnswer\":\"F\"},{\"answer\":\"A\",\"questionId\":126,\"labelId\":23,\"costTime\":1669,\"defaultAnswer\":\"D\"},{\"answer\":\"A\",\"questionId\":127,\"labelId\":23,\"costTime\":564,\"defaultAnswer\":\"C\"}]','2022-03-24 19:45:09'),(33,'18664397582','[{\"answer\":\"T\",\"questionId\":108,\"labelId\":19,\"costTime\":3357,\"defaultAnswer\":\"T\"},{\"answer\":\"T\",\"questionId\":109,\"labelId\":19,\"costTime\":2984,\"defaultAnswer\":\"T\"},{\"answer\":\"\",\"questionId\":110,\"labelId\":4,\"costTime\":181,\"defaultAnswer\":\"T\"},{\"answer\":\"\",\"questionId\":111,\"labelId\":23,\"costTime\":186,\"defaultAnswer\":\"F\"},{\"answer\":\"\",\"questionId\":112,\"labelId\":23,\"costTime\":151,\"defaultAnswer\":\"T\"},{\"answer\":\"\",\"questionId\":113,\"labelId\":23,\"costTime\":1558,\"defaultAnswer\":\"T\"},{\"answer\":\"C\",\"questionId\":114,\"labelId\":23,\"costTime\":3677,\"defaultAnswer\":\"B\"},{\"answer\":\"\",\"questionId\":115,\"labelId\":19,\"costTime\":988,\"defaultAnswer\":\"B\"},{\"answer\":\"\",\"questionId\":116,\"labelId\":23,\"costTime\":848,\"defaultAnswer\":\"ABCD\"},{\"answer\":\"B\",\"questionId\":117,\"labelId\":23,\"costTime\":1157,\"defaultAnswer\":\"A\"},{\"answer\":\"\",\"questionId\":118,\"labelId\":21,\"costTime\":873,\"defaultAnswer\":\"ABCD\"},{\"answer\":\"\",\"questionId\":119,\"labelId\":21,\"costTime\":2122,\"defaultAnswer\":\"ABC\"},{\"answer\":\"\",\"questionId\":120,\"labelId\":21,\"costTime\":764,\"defaultAnswer\":\"CD\"},{\"answer\":\"E\",\"questionId\":121,\"labelId\":19,\"costTime\":1247,\"defaultAnswer\":\"ABC\"},{\"answer\":\"\",\"questionId\":122,\"labelId\":19,\"costTime\":997,\"defaultAnswer\":\"T\"},{\"answer\":\"\",\"questionId\":123,\"labelId\":23,\"costTime\":1558,\"defaultAnswer\":\"D\"},{\"answer\":\"\",\"questionId\":124,\"labelId\":22,\"costTime\":1062,\"defaultAnswer\":\"ABCD\"},{\"answer\":\"\",\"questionId\":125,\"labelId\":23,\"costTime\":981,\"defaultAnswer\":\"F\"},{\"answer\":\"\",\"questionId\":126,\"labelId\":23,\"costTime\":840,\"defaultAnswer\":\"D\"}]','2022-03-25 09:17:24'),(34,'18664397582','[{\"answer\":\"T\",\"questionId\":108,\"labelId\":19,\"costTime\":3190,\"defaultAnswer\":\"T\"},{\"answer\":\"T\",\"questionId\":109,\"labelId\":19,\"costTime\":1776,\"defaultAnswer\":\"T\"},{\"answer\":\"T\",\"questionId\":110,\"labelId\":4,\"costTime\":1773,\"defaultAnswer\":\"T\"},{\"answer\":\"T\",\"questionId\":111,\"labelId\":23,\"costTime\":1472,\"defaultAnswer\":\"F\"},{\"answer\":\"T\",\"questionId\":112,\"labelId\":23,\"costTime\":1582,\"defaultAnswer\":\"T\"},{\"answer\":\"T\",\"questionId\":113,\"labelId\":23,\"costTime\":1434,\"defaultAnswer\":\"T\"},{\"answer\":\"A\",\"questionId\":114,\"labelId\":23,\"costTime\":2166,\"defaultAnswer\":\"B\"},{\"answer\":\"C\",\"questionId\":115,\"labelId\":19,\"costTime\":1990,\"defaultAnswer\":\"B\"},{\"answer\":\"C\",\"questionId\":116,\"labelId\":23,\"costTime\":1305,\"defaultAnswer\":\"ABCD\"},{\"answer\":\"B\",\"questionId\":117,\"labelId\":23,\"costTime\":2852,\"defaultAnswer\":\"A\"},{\"answer\":\"D\",\"questionId\":118,\"labelId\":21,\"costTime\":1628,\"defaultAnswer\":\"ABCD\"},{\"answer\":\"C\",\"questionId\":119,\"labelId\":21,\"costTime\":1703,\"defaultAnswer\":\"ABC\"},{\"answer\":\"B\",\"questionId\":120,\"labelId\":21,\"costTime\":1475,\"defaultAnswer\":\"CD\"},{\"answer\":\"B\",\"questionId\":121,\"labelId\":19,\"costTime\":1376,\"defaultAnswer\":\"ABC\"},{\"answer\":\"T\",\"questionId\":122,\"labelId\":19,\"costTime\":1796,\"defaultAnswer\":\"T\"},{\"answer\":\"A\",\"questionId\":123,\"labelId\":23,\"costTime\":1931,\"defaultAnswer\":\"D\"},{\"answer\":\"D\",\"questionId\":124,\"labelId\":22,\"costTime\":1670,\"defaultAnswer\":\"ABCD\"},{\"answer\":\"T\",\"questionId\":125,\"labelId\":23,\"costTime\":2277,\"defaultAnswer\":\"F\"},{\"answer\":\"C\",\"questionId\":126,\"labelId\":23,\"costTime\":1768,\"defaultAnswer\":\"D\"},{\"answer\":\"A\",\"questionId\":127,\"labelId\":23,\"costTime\":617,\"defaultAnswer\":\"C\"}]','2022-05-31 14:14:44'),(35,'18664397582','[{\"answer\":\"T\",\"questionId\":108,\"labelId\":19,\"costTime\":8301,\"defaultAnswer\":\"T\"},{\"answer\":\"\",\"questionId\":109,\"labelId\":19,\"costTime\":858,\"defaultAnswer\":\"T\"},{\"answer\":\"\",\"questionId\":110,\"labelId\":4,\"costTime\":1363,\"defaultAnswer\":\"T\"},{\"answer\":\"\",\"questionId\":111,\"labelId\":23,\"costTime\":147,\"defaultAnswer\":\"F\"},{\"answer\":\"\",\"questionId\":112,\"labelId\":23,\"costTime\":177,\"defaultAnswer\":\"T\"},{\"answer\":\"\",\"questionId\":113,\"labelId\":23,\"costTime\":850,\"defaultAnswer\":\"T\"},{\"answer\":\"A\",\"questionId\":114,\"labelId\":23,\"costTime\":5535,\"defaultAnswer\":\"B\"},{\"answer\":\"\",\"questionId\":115,\"labelId\":19,\"costTime\":1136153,\"defaultAnswer\":\"B\"},{\"answer\":\"\",\"questionId\":116,\"labelId\":23,\"costTime\":408,\"defaultAnswer\":\"ABCD\"},{\"answer\":\"A\",\"questionId\":117,\"labelId\":23,\"costTime\":1353,\"defaultAnswer\":\"A\"},{\"answer\":\"\",\"questionId\":118,\"labelId\":21,\"costTime\":987,\"defaultAnswer\":\"ABCD\"},{\"answer\":\"\",\"questionId\":119,\"labelId\":21,\"costTime\":972,\"defaultAnswer\":\"ABC\"},{\"answer\":\"\",\"questionId\":120,\"labelId\":21,\"costTime\":801,\"defaultAnswer\":\"CD\"},{\"answer\":\"\",\"questionId\":121,\"labelId\":19,\"costTime\":893,\"defaultAnswer\":\"ABC\"},{\"answer\":\"\",\"questionId\":122,\"labelId\":19,\"costTime\":972,\"defaultAnswer\":\"T\"},{\"answer\":\"\",\"questionId\":123,\"labelId\":23,\"costTime\":953,\"defaultAnswer\":\"D\"},{\"answer\":\"\",\"questionId\":124,\"labelId\":22,\"costTime\":879,\"defaultAnswer\":\"ABCD\"},{\"answer\":\"\",\"questionId\":125,\"labelId\":23,\"costTime\":1023,\"defaultAnswer\":\"F\"},{\"answer\":\"\",\"questionId\":126,\"labelId\":23,\"costTime\":754,\"defaultAnswer\":\"D\"},{\"answer\":\"C\",\"questionId\":127,\"labelId\":23,\"costTime\":1735,\"defaultAnswer\":\"C\"}]','2022-06-01 11:05:05'),(36,'18664397582','[{\"answer\":\"T\",\"questionId\":108,\"labelId\":19,\"costTime\":4965,\"defaultAnswer\":\"T\"},{\"answer\":\"T\",\"questionId\":109,\"labelId\":19,\"costTime\":2301,\"defaultAnswer\":\"T\"},{\"answer\":\"T\",\"questionId\":110,\"labelId\":4,\"costTime\":1929,\"defaultAnswer\":\"T\"},{\"answer\":\"T\",\"questionId\":111,\"labelId\":23,\"costTime\":1468,\"defaultAnswer\":\"F\"},{\"answer\":\"T\",\"questionId\":112,\"labelId\":23,\"costTime\":1424,\"defaultAnswer\":\"T\"},{\"answer\":\"T\",\"questionId\":113,\"labelId\":23,\"costTime\":1419,\"defaultAnswer\":\"T\"},{\"answer\":\"A\",\"questionId\":114,\"labelId\":23,\"costTime\":1806,\"defaultAnswer\":\"B\"},{\"answer\":\"A\",\"questionId\":115,\"labelId\":19,\"costTime\":1726,\"defaultAnswer\":\"B\"},{\"answer\":\"B\",\"questionId\":116,\"labelId\":23,\"costTime\":1625,\"defaultAnswer\":\"ABCD\"},{\"answer\":\"A\",\"questionId\":117,\"labelId\":23,\"costTime\":1975,\"defaultAnswer\":\"A\"},{\"answer\":\"A\",\"questionId\":118,\"labelId\":21,\"costTime\":1799,\"defaultAnswer\":\"ABCD\"},{\"answer\":\"C\",\"questionId\":119,\"labelId\":21,\"costTime\":2292,\"defaultAnswer\":\"ABC\"},{\"answer\":\"A\",\"questionId\":120,\"labelId\":21,\"costTime\":1563,\"defaultAnswer\":\"CD\"},{\"answer\":\"B\",\"questionId\":121,\"labelId\":19,\"costTime\":1466,\"defaultAnswer\":\"ABC\"},{\"answer\":\"T\",\"questionId\":122,\"labelId\":19,\"costTime\":1801,\"defaultAnswer\":\"T\"},{\"answer\":\"A\",\"questionId\":123,\"labelId\":23,\"costTime\":2234,\"defaultAnswer\":\"D\"},{\"answer\":\"B\",\"questionId\":124,\"labelId\":22,\"costTime\":2034,\"defaultAnswer\":\"ABCD\"},{\"answer\":\"T\",\"questionId\":125,\"labelId\":23,\"costTime\":1688,\"defaultAnswer\":\"F\"},{\"answer\":\"A\",\"questionId\":126,\"labelId\":23,\"costTime\":2025,\"defaultAnswer\":\"D\"},{\"answer\":\"A\",\"questionId\":127,\"labelId\":23,\"costTime\":752,\"defaultAnswer\":\"C\"}]','2022-06-01 11:17:18');
/*!40000 ALTER TABLE `t_wechat_answer` ENABLE KEYS */;
UNLOCK TABLES;

--
-- Table structure for table `t_wechat_user`
--

DROP TABLE IF EXISTS `t_wechat_user`;
/*!40101 SET @saved_cs_client     = @@character_set_client */;
/*!50503 SET character_set_client = utf8mb4 */;
CREATE TABLE `t_wechat_user` (
  `id` int(11) NOT NULL AUTO_INCREMENT,
  `accountname` varchar(50) NOT NULL,
  `username` varchar(50) DEFAULT NULL,
  `gender` int(11) DEFAULT NULL,
  `phone` varchar(50) NOT NULL,
  `avatar` varchar(255) NOT NULL,
  `salt` varchar(255) DEFAULT NULL,
  `register_time` timestamp NOT NULL DEFAULT CURRENT_TIMESTAMP,
  `last_login` timestamp NOT NULL DEFAULT CURRENT_TIMESTAMP,
  `description` varchar(255) DEFAULT NULL,
  `isdelete` int(11) NOT NULL DEFAULT '0',
  `role` int(11) DEFAULT '3',
  PRIMARY KEY (`id`)
) ENGINE=InnoDB AUTO_INCREMENT=16 DEFAULT CHARSET=utf8;
/*!40101 SET character_set_client = @saved_cs_client */;

--
-- Dumping data for table `t_wechat_user`
--

LOCK TABLES `t_wechat_user` WRITE;
/*!40000 ALTER TABLE `t_wechat_user` DISABLE KEYS */;
INSERT INTO `t_wechat_user` VALUES (13,'科','科',0,'18664397582','https://thirdwx.qlogo.cn/mmopen/vi_32/jImgyTjGxlm6LPKo8I4K1sXKDCsmcASsVDU4ErnWjO5c9QRmibiahXP4krm3OeicoJmfLsXViaAOPFRCOPvLM47VhA/132','','2022-02-23 12:01:06','2022-06-01 03:20:54','',0,3),(14,'dm','叼毛',1,'13026638864','/fileUpload/2022-02-27/zengkefan__12__1645955576025.jpeg','','2022-02-27 09:46:22','2022-02-27 09:46:22','',0,0),(15,'微信用户','微信用户',0,'13925297489','https://thirdwx.qlogo.cn/mmopen/vi_32/POgEwh4mIHO4nibH0KlMECNjjGxQUq24ZEaGT4poC6icRiccVGKSyXwibcPq4BWmiaIGuG1icwxaQX6grC9VemZoJ8rg/132','','2022-06-01 03:29:32','2022-06-01 03:29:42','',0,3);
/*!40000 ALTER TABLE `t_wechat_user` ENABLE KEYS */;
UNLOCK TABLES;
/*!40103 SET TIME_ZONE=@OLD_TIME_ZONE */;

/*!40101 SET SQL_MODE=@OLD_SQL_MODE */;
/*!40014 SET FOREIGN_KEY_CHECKS=@OLD_FOREIGN_KEY_CHECKS */;
/*!40014 SET UNIQUE_CHECKS=@OLD_UNIQUE_CHECKS */;
/*!40101 SET CHARACTER_SET_CLIENT=@OLD_CHARACTER_SET_CLIENT */;
/*!40101 SET CHARACTER_SET_RESULTS=@OLD_CHARACTER_SET_RESULTS */;
/*!40101 SET COLLATION_CONNECTION=@OLD_COLLATION_CONNECTION */;
/*!40111 SET SQL_NOTES=@OLD_SQL_NOTES */;

-- Dump completed on 2022-06-01 11:30:47
